filename,model,macro_f1,TP_PER,FP_PER,FN_PER,precision_PER,recall_PER,f1_PER,TP_ORG,FP_ORG,FN_ORG,precision_ORG,recall_ORG,f1_ORG
01.02.2017_164._Sitzung.txt,rule_based,0.5057471264367817,5,12,7,0.29411764705882354,0.4166666666666667,0.3448275862068966,1,1,0,0.5,1.0,0.6666666666666666
01.02.2017_164._Sitzung.txt,flair,0.2,5,8,7,0.38461538461538464,0.4166666666666667,0.4,0,1,1,0.0,0.0,0.0
01.02.2017_164._Sitzung.txt,spacy,0.4285714285714286,6,3,6,0.6666666666666666,0.5,0.5714285714285715,1,5,0,0.16666666666666666,1.0,0.2857142857142857
01.02.2017_164._Sitzung.txt,improved_spacy,0.4285714285714286,6,3,6,0.6666666666666666,0.5,0.5714285714285715,1,5,0,0.16666666666666666,1.0,0.2857142857142857
01.02.2017_164._Sitzung.txt,bert,0.2692307692307692,7,7,5,0.5,0.5833333333333334,0.5384615384615384,0,2,1,0.0,0.0,0.0
01.02.2017_164._Sitzung.txt,distilbert,0.13043478260869565,3,8,9,0.2727272727272727,0.25,0.2608695652173913,0,2,1,0.0,0.0,0.0
01.12.2010_89._Sitzung.txt,rule_based,0.6040816326530613,10,16,13,0.38461538461538464,0.43478260869565216,0.40816326530612246,2,0,1,1.0,0.6666666666666666,0.8
01.12.2010_89._Sitzung.txt,flair,0.14634146341463414,6,12,17,0.3333333333333333,0.2608695652173913,0.2926829268292683,0,2,3,0.0,0.0,0.0
01.12.2010_89._Sitzung.txt,spacy,0.38095238095238093,9,10,14,0.47368421052631576,0.391304347826087,0.42857142857142855,2,7,1,0.2222222222222222,0.6666666666666666,0.3333333333333333
01.12.2010_89._Sitzung.txt,improved_spacy,0.38095238095238093,9,10,14,0.47368421052631576,0.391304347826087,0.42857142857142855,2,7,1,0.2222222222222222,0.6666666666666666,0.3333333333333333
01.12.2010_89._Sitzung.txt,bert,0.3062015503875969,6,14,17,0.3,0.2608695652173913,0.27906976744186046,1,2,2,0.3333333333333333,0.3333333333333333,0.3333333333333333
01.12.2010_89._Sitzung.txt,distilbert,0.12195121951219512,5,13,18,0.2777777777777778,0.21739130434782608,0.24390243902439024,0,2,3,0.0,0.0,0.0
02.03.2000_14._Sitzung.txt,rule_based,0.5686274509803921,4,4,5,0.5,0.4444444444444444,0.47058823529411764,4,0,4,1.0,0.5,0.6666666666666666
02.03.2000_14._Sitzung.txt,flair,0.39999999999999997,0,5,9,0.0,0.0,0.0,6,1,2,0.8571428571428571,0.75,0.7999999999999999
02.03.2000_14._Sitzung.txt,spacy,0.5157894736842106,3,3,6,0.5,0.3333333333333333,0.4,6,5,2,0.5454545454545454,0.75,0.631578947368421
02.03.2000_14._Sitzung.txt,improved_spacy,0.5157894736842106,3,3,6,0.5,0.3333333333333333,0.4,6,5,2,0.5454545454545454,0.75,0.631578947368421
02.03.2000_14._Sitzung.txt,bert,0.3684210526315789,0,5,9,0.0,0.0,0.0,7,4,1,0.6363636363636364,0.875,0.7368421052631579
02.03.2000_14._Sitzung.txt,distilbert,0.28571428571428575,0,4,9,0.0,0.0,0.0,4,2,4,0.6666666666666666,0.5,0.5714285714285715
02.03.2006_141._Sitzung.txt,rule_based,0.6214285714285714,9,7,3,0.5625,0.75,0.6428571428571429,3,0,4,1.0,0.42857142857142855,0.6
02.03.2006_141._Sitzung.txt,flair,0.28431372549019607,4,8,8,0.3333333333333333,0.3333333333333333,0.3333333333333333,2,8,5,0.2,0.2857142857142857,0.23529411764705882
02.03.2006_141._Sitzung.txt,spacy,0.4380952380952381,5,8,7,0.38461538461538464,0.4166666666666667,0.4,5,9,2,0.35714285714285715,0.7142857142857143,0.4761904761904762
02.03.2006_141._Sitzung.txt,improved_spacy,0.4380952380952381,5,8,7,0.38461538461538464,0.4166666666666667,0.4,5,9,2,0.35714285714285715,0.7142857142857143,0.4761904761904762
02.03.2006_141._Sitzung.txt,bert,0.37719298245614036,4,8,8,0.3333333333333333,0.3333333333333333,0.3333333333333333,4,8,3,0.3333333333333333,0.5714285714285714,0.4210526315789474
02.03.2006_141._Sitzung.txt,distilbert,0.34307992202729043,5,10,7,0.3333333333333333,0.4166666666666667,0.3703703703703704,3,9,4,0.25,0.42857142857142855,0.3157894736842105
02.04.2020_21._Sitzung.txt,rule_based,0.2126582278481013,1,41,36,0.023809523809523808,0.02702702702702703,0.02531645569620253,1,1,2,0.5,0.3333333333333333,0.4
02.04.2020_21._Sitzung.txt,flair,0.0,0,35,37,0.0,0.0,0.0,0,0,3,0.0,0.0,0.0
02.04.2020_21._Sitzung.txt,spacy,0.08333333333333333,0,39,37,0.0,0.0,0.0,1,8,2,0.1111111111111111,0.3333333333333333,0.16666666666666666
02.04.2020_21._Sitzung.txt,improved_spacy,0.08333333333333333,0,39,37,0.0,0.0,0.0,1,8,2,0.1111111111111111,0.3333333333333333,0.16666666666666666
02.04.2020_21._Sitzung.txt,bert,0.1111111111111111,0,8,37,0.0,0.0,0.0,1,5,2,0.16666666666666666,0.3333333333333333,0.2222222222222222
02.04.2020_21._Sitzung.txt,distilbert,0.0,0,9,37,0.0,0.0,0.0,0,5,3,0.0,0.0,0.0
03.04.2013_197._Sitzung.txt,rule_based,0.7061224489795919,15,10,9,0.6,0.625,0.6122448979591836,2,0,1,1.0,0.6666666666666666,0.8
03.04.2013_197._Sitzung.txt,flair,0.30434782608695654,14,8,10,0.6363636363636364,0.5833333333333334,0.6086956521739131,0,3,3,0.0,0.0,0.0
03.04.2013_197._Sitzung.txt,spacy,0.5155038759689923,15,4,9,0.7894736842105263,0.625,0.6976744186046512,2,7,1,0.2222222222222222,0.6666666666666666,0.3333333333333333
03.04.2013_197._Sitzung.txt,improved_spacy,0.5155038759689923,15,4,9,0.7894736842105263,0.625,0.6976744186046512,2,7,1,0.2222222222222222,0.6666666666666666,0.3333333333333333
03.04.2013_197._Sitzung.txt,bert,0.30952380952380953,10,8,14,0.5555555555555556,0.4166666666666667,0.4761904761904762,1,10,2,0.09090909090909091,0.3333333333333333,0.14285714285714288
03.04.2013_197._Sitzung.txt,distilbert,0.3623693379790941,9,8,15,0.5294117647058824,0.375,0.4390243902439025,1,3,2,0.25,0.3333333333333333,0.28571428571428575
03.05.2007_23._Sitzung.txt,rule_based,0.5588235294117647,1,9,6,0.1,0.14285714285714285,0.11764705882352941,2,0,0,1.0,1.0,1.0
03.05.2007_23._Sitzung.txt,flair,0.0,0,7,7,0.0,0.0,0.0,0,2,2,0.0,0.0,0.0
03.05.2007_23._Sitzung.txt,spacy,0.5210084033613446,4,6,3,0.4,0.5714285714285714,0.47058823529411764,2,3,0,0.4,1.0,0.5714285714285715
03.05.2007_23._Sitzung.txt,improved_spacy,0.5210084033613446,4,6,3,0.4,0.5714285714285714,0.47058823529411764,2,3,0,0.4,1.0,0.5714285714285715
03.05.2007_23._Sitzung.txt,bert,0.11111111111111112,0,9,7,0.0,0.0,0.0,1,6,1,0.14285714285714285,0.5,0.22222222222222224
03.05.2007_23._Sitzung.txt,distilbert,0.16666666666666666,0,9,7,0.0,0.0,0.0,1,3,1,0.25,0.5,0.3333333333333333
03.07.2013_214._Sitzung.txt,rule_based,0.45959595959595956,10,7,9,0.5882352941176471,0.5263157894736842,0.5555555555555555,2,0,7,1.0,0.2222222222222222,0.3636363636363636
03.07.2013_214._Sitzung.txt,flair,0.5650623885918004,7,7,12,0.5,0.3684210526315789,0.4242424242424242,6,2,3,0.75,0.6666666666666666,0.7058823529411765
03.07.2013_214._Sitzung.txt,spacy,0.41711229946524064,8,7,11,0.5333333333333333,0.42105263157894735,0.47058823529411764,4,9,5,0.3076923076923077,0.4444444444444444,0.3636363636363637
03.07.2013_214._Sitzung.txt,improved_spacy,0.41711229946524064,8,7,11,0.5333333333333333,0.42105263157894735,0.47058823529411764,4,9,5,0.3076923076923077,0.4444444444444444,0.3636363636363637
03.07.2013_214._Sitzung.txt,bert,0.3482142857142857,8,1,11,0.8888888888888888,0.42105263157894735,0.5714285714285714,1,6,8,0.14285714285714285,0.1111111111111111,0.125
03.07.2013_214._Sitzung.txt,distilbert,0.33836206896551724,8,2,11,0.8,0.42105263157894735,0.5517241379310345,1,6,8,0.14285714285714285,0.1111111111111111,0.125
05.07.2007_29._Sitzung.txt,rule_based,0.8478260869565217,16,8,6,0.6666666666666666,0.7272727272727273,0.6956521739130435,2,0,0,1.0,1.0,1.0
05.07.2007_29._Sitzung.txt,flair,0.3023255813953489,13,8,9,0.6190476190476191,0.5909090909090909,0.6046511627906977,0,0,2,0.0,0.0,0.0
05.07.2007_29._Sitzung.txt,spacy,0.6594202898550725,15,9,7,0.625,0.6818181818181818,0.6521739130434783,2,2,0,0.5,1.0,0.6666666666666666
05.07.2007_29._Sitzung.txt,improved_spacy,0.6594202898550725,15,9,7,0.625,0.6818181818181818,0.6521739130434783,2,2,0,0.5,1.0,0.6666666666666666
05.07.2007_29._Sitzung.txt,bert,0.627177700348432,14,5,8,0.7368421052631579,0.6363636363636364,0.6829268292682926,2,3,0,0.4,1.0,0.5714285714285715
05.07.2007_29._Sitzung.txt,distilbert,0.7682926829268293,11,8,11,0.5789473684210527,0.5,0.5365853658536586,2,0,0,1.0,1.0,1.0
05.11.2020_61._Sitzung.txt,rule_based,0.18285714285714288,2,24,22,0.07692307692307693,0.08333333333333333,0.08,1,1,4,0.5,0.2,0.28571428571428575
05.11.2020_61._Sitzung.txt,flair,0.04545454545454545,2,18,22,0.1,0.08333333333333333,0.0909090909090909,0,3,5,0.0,0.0,0.0
05.11.2020_61._Sitzung.txt,spacy,0.10230179028132992,2,20,22,0.09090909090909091,0.08333333333333333,0.08695652173913043,1,11,4,0.08333333333333333,0.2,0.11764705882352941
05.11.2020_61._Sitzung.txt,improved_spacy,0.10230179028132992,2,20,22,0.09090909090909091,0.08333333333333333,0.08695652173913043,1,11,4,0.08333333333333333,0.2,0.11764705882352941
05.11.2020_61._Sitzung.txt,bert,0.11529933481152992,1,16,23,0.058823529411764705,0.041666666666666664,0.048780487804878044,1,5,4,0.16666666666666666,0.2,0.1818181818181818
05.11.2020_61._Sitzung.txt,distilbert,0.025,1,15,23,0.0625,0.041666666666666664,0.05,0,5,5,0.0,0.0,0.0
06.03.2003_8._Sitzung.txt,rule_based,0.7,10,3,2,0.7692307692307693,0.8333333333333334,0.8,3,0,4,1.0,0.42857142857142855,0.6
06.03.2003_8._Sitzung.txt,flair,0.13043478260869565,3,8,9,0.2727272727272727,0.25,0.2608695652173913,0,3,7,0.0,0.0,0.0
06.03.2003_8._Sitzung.txt,spacy,0.5507692307692308,8,5,4,0.6153846153846154,0.6666666666666666,0.64,3,3,4,0.5,0.42857142857142855,0.4615384615384615
06.03.2003_8._Sitzung.txt,improved_spacy,0.6533333333333333,8,5,4,0.6153846153846154,0.6666666666666666,0.64,5,3,2,0.625,0.7142857142857143,0.6666666666666666
06.03.2003_8._Sitzung.txt,bert,0.2902097902097902,3,7,9,0.3,0.25,0.2727272727272727,2,4,5,0.3333333333333333,0.2857142857142857,0.30769230769230765
06.03.2003_8._Sitzung.txt,distilbert,0.2902097902097902,3,7,9,0.3,0.25,0.2727272727272727,2,4,5,0.3333333333333333,0.2857142857142857,0.30769230769230765
06.05.2004_60._Sitzung.txt,rule_based,0.7193548387096774,13,2,3,0.8666666666666667,0.8125,0.8387096774193549,3,0,4,1.0,0.42857142857142855,0.6
06.05.2004_60._Sitzung.txt,flair,0.3435897435897436,8,6,8,0.5714285714285714,0.5,0.5333333333333333,1,5,6,0.16666666666666666,0.14285714285714285,0.15384615384615383
06.05.2004_60._Sitzung.txt,spacy,0.47950089126559714,10,7,6,0.5882352941176471,0.625,0.6060606060606061,3,7,4,0.3,0.42857142857142855,0.3529411764705882
06.05.2004_60._Sitzung.txt,improved_spacy,0.5252525252525253,10,7,6,0.5882352941176471,0.625,0.6060606060606061,4,7,3,0.36363636363636365,0.5714285714285714,0.4444444444444444
06.05.2004_60._Sitzung.txt,bert,0.42051282051282046,8,6,8,0.5714285714285714,0.5,0.5333333333333333,2,4,5,0.3333333333333333,0.2857142857142857,0.30769230769230765
06.05.2004_60._Sitzung.txt,distilbert,0.3057471264367816,5,8,11,0.38461538461538464,0.3125,0.3448275862068966,2,6,5,0.25,0.2857142857142857,0.26666666666666666
06.10.2015_95._Sitzung.txt,rule_based,0.8214285714285714,9,6,4,0.6,0.6923076923076923,0.6428571428571429,2,0,0,1.0,1.0,1.0
06.10.2015_95._Sitzung.txt,flair,0.11538461538461539,3,10,10,0.23076923076923078,0.23076923076923078,0.23076923076923078,0,6,2,0.0,0.0,0.0
06.10.2015_95._Sitzung.txt,spacy,0.45104895104895104,7,6,6,0.5384615384615384,0.5384615384615384,0.5384615384615384,2,7,0,0.2222222222222222,1.0,0.3636363636363636
06.10.2015_95._Sitzung.txt,improved_spacy,0.45104895104895104,7,6,6,0.5384615384615384,0.5384615384615384,0.5384615384615384,2,7,0,0.2222222222222222,1.0,0.3636363636363636
06.10.2015_95._Sitzung.txt,bert,0.25396825396825395,3,11,10,0.21428571428571427,0.23076923076923078,0.22222222222222224,2,10,0,0.16666666666666666,1.0,0.2857142857142857
06.10.2015_95._Sitzung.txt,distilbert,0.21111111111111114,3,11,10,0.21428571428571427,0.23076923076923078,0.22222222222222224,1,7,1,0.125,0.5,0.2
06.12.2007_43._Sitzung.txt,rule_based,0.18951612903225806,2,13,14,0.13333333333333333,0.125,0.12903225806451615,1,1,5,0.5,0.16666666666666666,0.25
06.12.2007_43._Sitzung.txt,flair,0.03571428571428572,1,11,15,0.08333333333333333,0.0625,0.07142857142857144,0,0,6,0.0,0.0,0.0
06.12.2007_43._Sitzung.txt,spacy,0.1764705882352941,0,14,16,0.0,0.0,0.0,3,8,3,0.2727272727272727,0.5,0.3529411764705882
06.12.2007_43._Sitzung.txt,improved_spacy,0.1764705882352941,0,14,16,0.0,0.0,0.0,3,8,3,0.2727272727272727,0.5,0.3529411764705882
06.12.2007_43._Sitzung.txt,bert,0.2,0,9,16,0.0,0.0,0.0,2,2,4,0.5,0.3333333333333333,0.4
06.12.2007_43._Sitzung.txt,distilbert,0.0,0,9,16,0.0,0.0,0.0,0,2,6,0.0,0.0,0.0
07.07.2016_139._Sitzung.txt,rule_based,0.8548387096774193,11,5,4,0.6875,0.7333333333333333,0.7096774193548386,2,0,0,1.0,1.0,1.0
07.07.2016_139._Sitzung.txt,flair,0.5103448275862069,9,5,6,0.6428571428571429,0.6,0.6206896551724138,1,2,1,0.3333333333333333,0.5,0.4
07.07.2016_139._Sitzung.txt,spacy,0.5436507936507937,9,4,6,0.6923076923076923,0.6,0.6428571428571429,2,5,0,0.2857142857142857,1.0,0.4444444444444445
07.07.2016_139._Sitzung.txt,improved_spacy,0.5436507936507937,9,4,6,0.6923076923076923,0.6,0.6428571428571429,2,5,0,0.2857142857142857,1.0,0.4444444444444445
07.07.2016_139._Sitzung.txt,bert,0.25384615384615383,4,7,11,0.36363636363636365,0.26666666666666666,0.30769230769230765,1,7,1,0.125,0.5,0.2
07.07.2016_139._Sitzung.txt,distilbert,0.16666666666666669,4,5,11,0.4444444444444444,0.26666666666666666,0.33333333333333337,0,9,2,0.0,0.0,0.0
07.12.2005_130._Sitzung.txt,rule_based,0.17261904761904762,2,19,19,0.09523809523809523,0.09523809523809523,0.09523809523809523,1,1,5,0.5,0.16666666666666666,0.25
07.12.2005_130._Sitzung.txt,flair,0.10323886639676112,1,16,20,0.058823529411764705,0.047619047619047616,0.05263157894736842,1,6,5,0.14285714285714285,0.16666666666666666,0.15384615384615383
07.12.2005_130._Sitzung.txt,spacy,0.146218487394958,1,13,20,0.07142857142857142,0.047619047619047616,0.057142857142857134,2,9,4,0.18181818181818182,0.3333333333333333,0.23529411764705885
07.12.2005_130._Sitzung.txt,improved_spacy,0.146218487394958,1,13,20,0.07142857142857142,0.047619047619047616,0.057142857142857134,2,9,4,0.18181818181818182,0.3333333333333333,0.23529411764705885
07.12.2005_130._Sitzung.txt,bert,0.0909090909090909,0,18,21,0.0,0.0,0.0,1,4,5,0.2,0.16666666666666666,0.1818181818181818
07.12.2005_130._Sitzung.txt,distilbert,0.125,0,16,21,0.0,0.0,0.0,1,1,5,0.5,0.16666666666666666,0.25
08.03.2016_116._Sitzung.txt,rule_based,0.16103896103896106,1,26,27,0.037037037037037035,0.03571428571428571,0.03636363636363636,1,1,4,0.5,0.2,0.28571428571428575
08.03.2016_116._Sitzung.txt,flair,0.0,0,23,28,0.0,0.0,0.0,0,6,5,0.0,0.0,0.0
08.03.2016_116._Sitzung.txt,spacy,0.08010012515644556,1,18,27,0.05263157894736842,0.03571428571428571,0.0425531914893617,1,11,4,0.08333333333333333,0.2,0.11764705882352941
08.03.2016_116._Sitzung.txt,improved_spacy,0.08010012515644556,1,18,27,0.05263157894736842,0.03571428571428571,0.0425531914893617,1,11,4,0.08333333333333333,0.2,0.11764705882352941
08.03.2016_116._Sitzung.txt,bert,0.0,0,9,28,0.0,0.0,0.0,0,12,5,0.0,0.0,0.0
08.03.2016_116._Sitzung.txt,distilbert,0.025641025641025637,1,10,27,0.09090909090909091,0.03571428571428571,0.05128205128205127,0,5,5,0.0,0.0,0.0
08.05.2003_16._Sitzung.txt,rule_based,0.9210526315789473,8,2,1,0.8,0.8888888888888888,0.8421052631578948,3,0,0,1.0,1.0,1.0
08.05.2003_16._Sitzung.txt,flair,0.1111111111111111,2,7,7,0.2222222222222222,0.2222222222222222,0.2222222222222222,0,2,3,0.0,0.0,0.0
08.05.2003_16._Sitzung.txt,spacy,0.4,4,7,5,0.36363636363636365,0.4444444444444444,0.39999999999999997,2,5,1,0.2857142857142857,0.6666666666666666,0.4
08.05.2003_16._Sitzung.txt,improved_spacy,0.47272727272727266,4,7,5,0.36363636363636365,0.4444444444444444,0.39999999999999997,3,5,0,0.375,1.0,0.5454545454545454
08.05.2003_16._Sitzung.txt,bert,0.19166666666666665,1,5,8,0.16666666666666666,0.1111111111111111,0.13333333333333333,1,4,2,0.2,0.3333333333333333,0.25
08.05.2003_16._Sitzung.txt,distilbert,0.1875,1,6,8,0.14285714285714285,0.1111111111111111,0.125,1,4,2,0.2,0.3333333333333333,0.25
08.06.2015_78._Sitzung.txt,rule_based,0.13492063492063494,1,18,22,0.05263157894736842,0.043478260869565216,0.04761904761904762,1,1,6,0.5,0.14285714285714285,0.22222222222222224
08.06.2015_78._Sitzung.txt,flair,0.024999999999999998,1,16,22,0.058823529411764705,0.043478260869565216,0.049999999999999996,0,4,7,0.0,0.0,0.0
08.06.2015_78._Sitzung.txt,spacy,0.08333333333333333,1,12,22,0.07692307692307693,0.043478260869565216,0.05555555555555555,1,10,6,0.09090909090909091,0.14285714285714285,0.1111111111111111
08.06.2015_78._Sitzung.txt,improved_spacy,0.08333333333333333,1,12,22,0.07692307692307693,0.043478260869565216,0.05555555555555555,1,10,6,0.09090909090909091,0.14285714285714285,0.1111111111111111
08.06.2015_78._Sitzung.txt,bert,0.04761904761904762,2,17,21,0.10526315789473684,0.08695652173913043,0.09523809523809525,0,8,7,0.0,0.0,0.0
08.06.2015_78._Sitzung.txt,distilbert,0.08992248062015504,1,19,22,0.05,0.043478260869565216,0.046511627906976744,1,7,6,0.125,0.14285714285714285,0.13333333333333333
09.11.2016_151._Sitzung.txt,rule_based,0.6698412698412699,17,16,13,0.5151515151515151,0.5666666666666667,0.5396825396825397,2,0,1,1.0,0.6666666666666666,0.8
09.11.2016_151._Sitzung.txt,flair,0.23333333333333334,14,16,16,0.4666666666666667,0.4666666666666667,0.4666666666666667,0,4,3,0.0,0.0,0.0
09.11.2016_151._Sitzung.txt,spacy,0.4300847457627119,18,11,12,0.6206896551724138,0.6,0.6101694915254238,2,11,1,0.15384615384615385,0.6666666666666666,0.25
09.11.2016_151._Sitzung.txt,improved_spacy,0.4300847457627119,18,11,12,0.6206896551724138,0.6,0.6101694915254238,2,11,1,0.15384615384615385,0.6666666666666666,0.25
09.11.2016_151._Sitzung.txt,bert,0.48451730418943534,16,15,14,0.5161290322580645,0.5333333333333333,0.5245901639344263,2,4,1,0.3333333333333333,0.6666666666666666,0.4444444444444444
09.11.2016_151._Sitzung.txt,distilbert,0.3064312736443884,14,17,16,0.45161290322580644,0.4666666666666667,0.45901639344262296,1,9,2,0.1,0.3333333333333333,0.15384615384615383
09.12.2015_108._Sitzung.txt,rule_based,0.6894736842105263,11,8,8,0.5789473684210527,0.5789473684210527,0.5789473684210527,2,0,1,1.0,0.6666666666666666,0.8
09.12.2015_108._Sitzung.txt,flair,0.2222222222222222,8,9,11,0.47058823529411764,0.42105263157894735,0.4444444444444444,0,3,3,0.0,0.0,0.0
09.12.2015_108._Sitzung.txt,spacy,0.47435897435897434,12,8,7,0.6,0.631578947368421,0.6153846153846154,2,7,1,0.2222222222222222,0.6666666666666666,0.3333333333333333
09.12.2015_108._Sitzung.txt,improved_spacy,0.47435897435897434,12,8,7,0.6,0.631578947368421,0.6153846153846154,2,7,1,0.2222222222222222,0.6666666666666666,0.3333333333333333
09.12.2015_108._Sitzung.txt,bert,0.037037037037037035,1,7,18,0.125,0.05263157894736842,0.07407407407407407,0,5,3,0.0,0.0,0.0
09.12.2015_108._Sitzung.txt,distilbert,0.07407407407407407,2,6,17,0.25,0.10526315789473684,0.14814814814814814,0,4,3,0.0,0.0,0.0
10.02.2000_10._Sitzung.txt,rule_based,0.7608695652173914,6,7,4,0.46153846153846156,0.6,0.5217391304347826,2,0,0,1.0,1.0,1.0
10.02.2000_10._Sitzung.txt,flair,0.05000000000000001,1,9,9,0.1,0.1,0.10000000000000002,0,4,2,0.0,0.0,0.0
10.02.2000_10._Sitzung.txt,spacy,0.4976076555023923,6,3,4,0.6666666666666666,0.6,0.631578947368421,2,7,0,0.2222222222222222,1.0,0.3636363636363636
10.02.2000_10._Sitzung.txt,improved_spacy,0.4976076555023923,6,3,4,0.6666666666666666,0.6,0.631578947368421,2,7,0,0.2222222222222222,1.0,0.3636363636363636
10.02.2000_10._Sitzung.txt,bert,0.3,1,9,9,0.1,0.1,0.10000000000000002,2,4,0,0.3333333333333333,1.0,0.5
10.02.2000_10._Sitzung.txt,distilbert,0.3055555555555556,1,7,9,0.125,0.1,0.11111111111111112,1,1,1,0.5,0.5,0.5
10.02.2004_49._Sitzung.txt,rule_based,0.2222222222222222,0,23,20,0.0,0.0,0.0,2,1,4,0.6666666666666666,0.3333333333333333,0.4444444444444444
10.02.2004_49._Sitzung.txt,flair,0.0,0,17,20,0.0,0.0,0.0,0,3,6,0.0,0.0,0.0
10.02.2004_49._Sitzung.txt,spacy,0.13333333333333333,0,17,20,0.0,0.0,0.0,2,7,4,0.2222222222222222,0.3333333333333333,0.26666666666666666
10.02.2004_49._Sitzung.txt,improved_spacy,0.13333333333333333,0,17,20,0.0,0.0,0.0,2,7,4,0.2222222222222222,0.3333333333333333,0.26666666666666666
10.02.2004_49._Sitzung.txt,bert,0.07142857142857144,0,9,20,0.0,0.0,0.0,1,7,5,0.125,0.16666666666666666,0.14285714285714288
10.02.2004_49._Sitzung.txt,distilbert,0.0,0,11,20,0.0,0.0,0.0,0,4,6,0.0,0.0,0.0
10.10.2007_34._Sitzung.txt,rule_based,0.5880398671096345,13,10,7,0.5652173913043478,0.65,0.6046511627906976,2,0,3,1.0,0.4,0.5714285714285715
10.10.2007_34._Sitzung.txt,flair,0.532051282051282,11,8,9,0.5789473684210527,0.55,0.5641025641025641,2,1,3,0.6666666666666666,0.4,0.5
10.10.2007_34._Sitzung.txt,spacy,0.5259391771019678,16,7,4,0.6956521739130435,0.8,0.7441860465116279,2,6,3,0.25,0.4,0.3076923076923077
10.10.2007_34._Sitzung.txt,improved_spacy,0.5863787375415282,16,7,4,0.6956521739130435,0.8,0.7441860465116279,3,6,2,0.3333333333333333,0.6,0.42857142857142855
10.10.2007_34._Sitzung.txt,bert,0.45,7,8,13,0.4666666666666667,0.35,0.4,2,1,3,0.6666666666666666,0.4,0.5
10.10.2007_34._Sitzung.txt,distilbert,0.31418918918918914,7,10,13,0.4117647058823529,0.35,0.37837837837837834,1,2,4,0.3333333333333333,0.2,0.25
10.11.2016_153._Sitzung.txt,rule_based,0.1994535519125683,2,29,28,0.06451612903225806,0.06666666666666667,0.06557377049180328,1,1,3,0.5,0.25,0.3333333333333333
10.11.2016_153._Sitzung.txt,flair,0.03571428571428572,2,24,28,0.07692307692307693,0.06666666666666667,0.07142857142857144,0,5,4,0.0,0.0,0.0
10.11.2016_153._Sitzung.txt,spacy,0.09518716577540107,2,23,28,0.08,0.06666666666666667,0.07272727272727272,1,12,3,0.07692307692307693,0.25,0.11764705882352941
10.11.2016_153._Sitzung.txt,improved_spacy,0.09518716577540107,2,23,28,0.08,0.06666666666666667,0.07272727272727272,1,12,3,0.07692307692307693,0.25,0.11764705882352941
10.11.2016_153._Sitzung.txt,bert,0.0303030303030303,2,34,28,0.05555555555555555,0.06666666666666667,0.0606060606060606,0,17,4,0.0,0.0,0.0
10.11.2016_153._Sitzung.txt,distilbert,0.01694915254237288,1,28,29,0.034482758620689655,0.03333333333333333,0.03389830508474576,0,9,4,0.0,0.0,0.0
11.11.2015_101._Sitzung.txt,rule_based,0.24924924924924924,1,18,17,0.05263157894736842,0.05555555555555555,0.05405405405405406,2,1,4,0.6666666666666666,0.3333333333333333,0.4444444444444444
11.11.2015_101._Sitzung.txt,flair,0.029411764705882353,1,15,17,0.0625,0.05555555555555555,0.058823529411764705,0,3,6,0.0,0.0,0.0
11.11.2015_101._Sitzung.txt,spacy,0.09696969696969697,1,14,17,0.06666666666666667,0.05555555555555555,0.0606060606060606,1,8,5,0.1111111111111111,0.16666666666666666,0.13333333333333333
11.11.2015_101._Sitzung.txt,improved_spacy,0.09696969696969697,1,14,17,0.06666666666666667,0.05555555555555555,0.0606060606060606,1,8,5,0.1111111111111111,0.16666666666666666,0.13333333333333333
11.11.2015_101._Sitzung.txt,bert,0.141439205955335,2,11,16,0.15384615384615385,0.1111111111111111,0.12903225806451615,1,6,5,0.14285714285714285,0.16666666666666666,0.15384615384615383
11.11.2015_101._Sitzung.txt,distilbert,0.027777777777777776,1,17,17,0.05555555555555555,0.05555555555555555,0.05555555555555555,0,6,6,0.0,0.0,0.0
11.12.2014_56._Sitzung.txt,rule_based,0.859375,23,10,8,0.696969696969697,0.7419354838709677,0.71875,2,0,0,1.0,1.0,1.0
11.12.2014_56._Sitzung.txt,flair,0.24193548387096775,15,16,16,0.4838709677419355,0.4838709677419355,0.4838709677419355,0,5,2,0.0,0.0,0.0
11.12.2014_56._Sitzung.txt,spacy,0.4813186813186813,22,12,9,0.6470588235294118,0.7096774193548387,0.6769230769230768,2,10,0,0.16666666666666666,1.0,0.2857142857142857
11.12.2014_56._Sitzung.txt,improved_spacy,0.4813186813186813,22,12,9,0.6470588235294118,0.7096774193548387,0.6769230769230768,2,10,0,0.16666666666666666,1.0,0.2857142857142857
11.12.2014_56._Sitzung.txt,bert,0.3948412698412698,17,15,14,0.53125,0.5483870967741935,0.5396825396825397,1,5,1,0.16666666666666666,0.5,0.25
11.12.2014_56._Sitzung.txt,distilbert,0.36111111111111116,15,14,16,0.5172413793103449,0.4838709677419355,0.5000000000000001,1,6,1,0.14285714285714285,0.5,0.22222222222222224
11.12.2018_54._Sitzung.txt,rule_based,0.8902439024390244,16,5,4,0.7619047619047619,0.8,0.7804878048780488,2,0,0,1.0,1.0,1.0
11.12.2018_54._Sitzung.txt,flair,0.25641025641025644,10,9,10,0.5263157894736842,0.5,0.5128205128205129,0,6,2,0.0,0.0,0.0
11.12.2018_54._Sitzung.txt,spacy,0.39285714285714285,10,10,10,0.5,0.5,0.5,2,10,0,0.16666666666666666,1.0,0.2857142857142857
11.12.2018_54._Sitzung.txt,improved_spacy,0.39285714285714285,10,10,10,0.5,0.5,0.5,2,10,0,0.16666666666666666,1.0,0.2857142857142857
11.12.2018_54._Sitzung.txt,bert,0.3307692307692308,9,10,11,0.47368421052631576,0.45,0.46153846153846156,1,7,1,0.125,0.5,0.2
11.12.2018_54._Sitzung.txt,distilbert,0.225,9,11,11,0.45,0.45,0.45,0,2,2,0.0,0.0,0.0
12.10.2011_123._Sitzung.txt,rule_based,0.8636363636363635,16,7,5,0.6956521739130435,0.7619047619047619,0.7272727272727272,2,0,0,1.0,1.0,1.0
12.10.2011_123._Sitzung.txt,flair,0.2857142857142857,12,9,9,0.5714285714285714,0.5714285714285714,0.5714285714285714,0,4,2,0.0,0.0,0.0
12.10.2011_123._Sitzung.txt,spacy,0.5858585858585859,16,7,5,0.6956521739130435,0.7619047619047619,0.7272727272727272,2,5,0,0.2857142857142857,1.0,0.4444444444444445
12.10.2011_123._Sitzung.txt,improved_spacy,0.5858585858585859,16,7,5,0.6956521739130435,0.7619047619047619,0.7272727272727272,2,5,0,0.2857142857142857,1.0,0.4444444444444445
12.10.2011_123._Sitzung.txt,bert,0.4905149051490515,11,9,10,0.55,0.5238095238095238,0.5365853658536585,2,5,0,0.2857142857142857,1.0,0.4444444444444445
12.10.2011_123._Sitzung.txt,distilbert,0.31951219512195117,9,11,12,0.45,0.42857142857142855,0.4390243902439024,1,7,1,0.125,0.5,0.2
12.11.2015_103._Sitzung.txt,rule_based,0.14627659574468085,1,21,24,0.045454545454545456,0.04,0.0425531914893617,1,1,5,0.5,0.16666666666666666,0.25
12.11.2015_103._Sitzung.txt,flair,0.021739130434782608,1,20,24,0.047619047619047616,0.04,0.043478260869565216,0,3,6,0.0,0.0,0.0
12.11.2015_103._Sitzung.txt,spacy,0.08522727272727272,1,18,24,0.05263157894736842,0.04,0.04545454545454545,1,9,5,0.1,0.16666666666666666,0.125
12.11.2015_103._Sitzung.txt,improved_spacy,0.08522727272727272,1,18,24,0.05263157894736842,0.04,0.04545454545454545,1,9,5,0.1,0.16666666666666666,0.125
12.11.2015_103._Sitzung.txt,bert,0.024390243902439022,1,15,24,0.0625,0.04,0.048780487804878044,0,7,6,0.0,0.0,0.0
12.11.2015_103._Sitzung.txt,distilbert,0.024390243902439022,1,15,24,0.0625,0.04,0.048780487804878044,0,7,6,0.0,0.0,0.0
13.01.2004_44._Sitzung.txt,rule_based,0.13675213675213677,1,18,19,0.05263157894736842,0.05,0.05128205128205128,1,1,6,0.5,0.14285714285714285,0.22222222222222224
13.01.2004_44._Sitzung.txt,flair,0.07142857142857142,0,13,20,0.0,0.0,0.0,1,6,6,0.14285714285714285,0.14285714285714285,0.14285714285714285
13.01.2004_44._Sitzung.txt,spacy,0.0625,0,16,20,0.0,0.0,0.0,1,8,6,0.1111111111111111,0.14285714285714285,0.125
13.01.2004_44._Sitzung.txt,improved_spacy,0.0625,0,16,20,0.0,0.0,0.0,1,8,6,0.1111111111111111,0.14285714285714285,0.125
13.01.2004_44._Sitzung.txt,bert,0.0,0,12,20,0.0,0.0,0.0,0,9,7,0.0,0.0,0.0
13.01.2004_44._Sitzung.txt,distilbert,0.07692307692307691,0,15,20,0.0,0.0,0.0,1,5,6,0.16666666666666666,0.14285714285714285,0.15384615384615383
13.06.2002_108._Sitzung.txt,rule_based,0.6552795031055901,17,7,5,0.7083333333333334,0.7727272727272727,0.7391304347826088,2,0,3,1.0,0.4,0.5714285714285715
13.06.2002_108._Sitzung.txt,flair,0.1590909090909091,7,15,15,0.3181818181818182,0.3181818181818182,0.3181818181818182,0,7,5,0.0,0.0,0.0
13.06.2002_108._Sitzung.txt,spacy,0.5111111111111112,14,9,8,0.6086956521739131,0.6363636363636364,0.6222222222222223,3,7,2,0.3,0.6,0.4
13.06.2002_108._Sitzung.txt,improved_spacy,0.5111111111111112,14,9,8,0.6086956521739131,0.6363636363636364,0.6222222222222223,3,7,2,0.3,0.6,0.4
13.06.2002_108._Sitzung.txt,bert,0.36645962732919257,7,17,15,0.2916666666666667,0.3181818181818182,0.30434782608695654,3,6,2,0.3333333333333333,0.6,0.42857142857142855
13.06.2002_108._Sitzung.txt,distilbert,0.35573122529644263,8,16,14,0.3333333333333333,0.36363636363636365,0.34782608695652173,2,4,3,0.3333333333333333,0.4,0.3636363636363636
13.06.2018_30._Sitzung.txt,rule_based,0.6862745098039216,6,3,2,0.6666666666666666,0.75,0.7058823529411765,2,0,2,1.0,0.5,0.6666666666666666
13.06.2018_30._Sitzung.txt,flair,0.3125,5,3,3,0.625,0.625,0.625,0,4,4,0.0,0.0,0.0
13.06.2018_30._Sitzung.txt,spacy,0.4999999999999999,6,4,2,0.6,0.75,0.6666666666666665,2,6,2,0.25,0.5,0.3333333333333333
13.06.2018_30._Sitzung.txt,improved_spacy,0.4999999999999999,6,4,2,0.6,0.75,0.6666666666666665,2,6,2,0.25,0.5,0.3333333333333333
13.06.2018_30._Sitzung.txt,bert,0.40340909090909094,5,3,3,0.625,0.625,0.625,1,6,3,0.14285714285714285,0.25,0.18181818181818182
13.06.2018_30._Sitzung.txt,distilbert,0.41911764705882354,5,4,3,0.5555555555555556,0.625,0.5882352941176471,1,3,3,0.25,0.25,0.25
13.09.2011_117._Sitzung.txt,rule_based,0.6857142857142857,6,6,3,0.5,0.6666666666666666,0.5714285714285715,2,0,1,1.0,0.6666666666666666,0.8
13.09.2011_117._Sitzung.txt,flair,0.4206349206349207,5,4,4,0.5555555555555556,0.5555555555555556,0.5555555555555556,1,3,2,0.25,0.3333333333333333,0.28571428571428575
13.09.2011_117._Sitzung.txt,spacy,0.6307692307692307,6,0,3,1.0,0.6666666666666666,0.8,3,7,0,0.3,1.0,0.4615384615384615
13.09.2011_117._Sitzung.txt,improved_spacy,0.6307692307692307,6,0,3,1.0,0.6666666666666666,0.8,3,7,0,0.3,1.0,0.4615384615384615
13.09.2011_117._Sitzung.txt,bert,0.23717948717948717,1,2,8,0.3333333333333333,0.1111111111111111,0.16666666666666666,2,8,1,0.2,0.6666666666666666,0.30769230769230765
13.09.2011_117._Sitzung.txt,distilbert,0.19444444444444442,1,2,8,0.3333333333333333,0.1111111111111111,0.16666666666666666,1,5,2,0.16666666666666666,0.3333333333333333,0.2222222222222222
13.09.2016_143._Sitzung.txt,rule_based,0.7804232804232805,19,8,8,0.7037037037037037,0.7037037037037037,0.7037037037037037,3,0,1,1.0,0.75,0.8571428571428571
13.09.2016_143._Sitzung.txt,flair,0.3977591036414566,13,11,14,0.5416666666666666,0.48148148148148145,0.5098039215686274,1,2,3,0.3333333333333333,0.25,0.28571428571428575
13.09.2016_143._Sitzung.txt,spacy,0.4732142857142857,14,8,13,0.6363636363636364,0.5185185185185185,0.5714285714285714,3,9,1,0.25,0.75,0.375
13.09.2016_143._Sitzung.txt,improved_spacy,0.4732142857142857,14,8,13,0.6363636363636364,0.5185185185185185,0.5714285714285714,3,9,1,0.25,0.75,0.375
13.09.2016_143._Sitzung.txt,bert,0.3283302063789869,4,10,23,0.2857142857142857,0.14814814814814814,0.1951219512195122,3,6,1,0.3333333333333333,0.75,0.46153846153846156
13.09.2016_143._Sitzung.txt,distilbert,0.24285714285714288,4,9,23,0.3076923076923077,0.14814814814814814,0.2,2,8,2,0.2,0.5,0.28571428571428575
13.11.2003_39._Sitzung.txt,rule_based,0.6777777777777778,10,9,7,0.5263157894736842,0.5882352941176471,0.5555555555555555,2,0,1,1.0,0.6666666666666666,0.8
13.11.2003_39._Sitzung.txt,flair,0.12903225806451615,4,10,13,0.2857142857142857,0.23529411764705882,0.2580645161290323,0,2,3,0.0,0.0,0.0
13.11.2003_39._Sitzung.txt,spacy,0.325,4,11,13,0.26666666666666666,0.23529411764705882,0.25,2,5,1,0.2857142857142857,0.6666666666666666,0.4
13.11.2003_39._Sitzung.txt,improved_spacy,0.325,4,11,13,0.26666666666666666,0.23529411764705882,0.25,2,5,1,0.2857142857142857,0.6666666666666666,0.4
13.11.2003_39._Sitzung.txt,bert,0.20238095238095238,1,10,16,0.09090909090909091,0.058823529411764705,0.07142857142857142,1,2,2,0.3333333333333333,0.3333333333333333,0.3333333333333333
13.11.2003_39._Sitzung.txt,distilbert,0.13571428571428573,1,10,16,0.09090909090909091,0.058823529411764705,0.07142857142857142,1,6,2,0.14285714285714285,0.3333333333333333,0.2
14.01.2015_58._Sitzung.txt,rule_based,0.9444444444444444,20,3,2,0.8695652173913043,0.9090909090909091,0.888888888888889,3,0,0,1.0,1.0,1.0
14.01.2015_58._Sitzung.txt,flair,0.4,18,5,4,0.782608695652174,0.8181818181818182,0.8,0,6,3,0.0,0.0,0.0
14.01.2015_58._Sitzung.txt,spacy,0.45208845208845205,10,5,12,0.6666666666666666,0.45454545454545453,0.5405405405405405,2,6,1,0.25,0.6666666666666666,0.36363636363636365
14.01.2015_58._Sitzung.txt,improved_spacy,0.45208845208845205,10,5,12,0.6666666666666666,0.45454545454545453,0.5405405405405405,2,6,1,0.25,0.6666666666666666,0.36363636363636365
14.01.2015_58._Sitzung.txt,bert,0.16896551724137931,2,5,20,0.2857142857142857,0.09090909090909091,0.13793103448275862,1,6,2,0.14285714285714285,0.3333333333333333,0.2
14.01.2015_58._Sitzung.txt,distilbert,0.1290322580645161,4,5,18,0.4444444444444444,0.18181818181818182,0.2580645161290322,0,6,3,0.0,0.0,0.0
14.01.2021_78._Sitzung.txt,rule_based,0.96875,15,1,1,0.9375,0.9375,0.9375,2,0,0,1.0,1.0,1.0
14.01.2021_78._Sitzung.txt,flair,0.21875,7,9,9,0.4375,0.4375,0.4375,0,5,2,0.0,0.0,0.0
14.01.2021_78._Sitzung.txt,spacy,0.49610389610389605,11,8,5,0.5789473684210527,0.6875,0.6285714285714286,2,7,0,0.2222222222222222,1.0,0.3636363636363636
14.01.2021_78._Sitzung.txt,improved_spacy,0.49610389610389605,11,8,5,0.5789473684210527,0.6875,0.6285714285714286,2,7,0,0.2222222222222222,1.0,0.3636363636363636
14.01.2021_78._Sitzung.txt,bert,0.2222222222222222,5,9,11,0.35714285714285715,0.3125,0.3333333333333333,1,15,1,0.0625,0.5,0.1111111111111111
14.01.2021_78._Sitzung.txt,distilbert,0.32323232323232326,7,10,9,0.4117647058823529,0.4375,0.42424242424242425,1,6,1,0.14285714285714285,0.5,0.22222222222222224
14.03.2020_15._Sitzung.txt,rule_based,0.9,16,5,3,0.7619047619047619,0.8421052631578947,0.8,2,0,0,1.0,1.0,1.0
14.03.2020_15._Sitzung.txt,flair,0.18421052631578946,7,12,12,0.3684210526315789,0.3684210526315789,0.3684210526315789,0,1,2,0.0,0.0,0.0
14.03.2020_15._Sitzung.txt,spacy,0.49390243902439024,10,12,9,0.45454545454545453,0.5263157894736842,0.4878048780487805,2,4,0,0.3333333333333333,1.0,0.5
14.03.2020_15._Sitzung.txt,improved_spacy,0.49390243902439024,10,12,9,0.45454545454545453,0.5263157894736842,0.4878048780487805,2,4,0,0.3333333333333333,1.0,0.5
14.03.2020_15._Sitzung.txt,bert,0.19444444444444445,7,10,12,0.4117647058823529,0.3684210526315789,0.3888888888888889,0,2,2,0.0,0.0,0.0
14.03.2020_15._Sitzung.txt,distilbert,0.18918918918918917,7,11,12,0.3888888888888889,0.3684210526315789,0.37837837837837834,0,3,2,0.0,0.0,0.0
14.10.2004_80._Sitzung.txt,rule_based,0.7125000000000001,5,4,2,0.5555555555555556,0.7142857142857143,0.6250000000000001,2,0,1,1.0,0.6666666666666666,0.8
14.10.2004_80._Sitzung.txt,flair,0.21428571428571427,3,4,4,0.42857142857142855,0.42857142857142855,0.42857142857142855,0,0,3,0.0,0.0,0.0
14.10.2004_80._Sitzung.txt,spacy,0.6857142857142857,6,2,1,0.75,0.8571428571428571,0.7999999999999999,2,2,1,0.5,0.6666666666666666,0.5714285714285715
14.10.2004_80._Sitzung.txt,improved_spacy,0.6857142857142857,6,2,1,0.75,0.8571428571428571,0.7999999999999999,2,2,1,0.5,0.6666666666666666,0.5714285714285715
14.10.2004_80._Sitzung.txt,bert,0.26666666666666666,1,2,6,0.3333333333333333,0.14285714285714285,0.2,1,2,2,0.3333333333333333,0.3333333333333333,0.3333333333333333
14.10.2004_80._Sitzung.txt,distilbert,0.1,1,2,6,0.3333333333333333,0.14285714285714285,0.2,0,1,3,0.0,0.0,0.0
15.11.2011_131._Sitzung.txt,rule_based,0.8235294117647058,11,7,5,0.6111111111111112,0.6875,0.6470588235294118,2,0,0,1.0,1.0,1.0
15.11.2011_131._Sitzung.txt,flair,0.19354838709677422,6,9,10,0.4,0.375,0.38709677419354843,0,2,2,0.0,0.0,0.0
15.11.2011_131._Sitzung.txt,spacy,0.5303030303030303,12,5,4,0.7058823529411765,0.75,0.7272727272727272,2,8,0,0.2,1.0,0.33333333333333337
15.11.2011_131._Sitzung.txt,improved_spacy,0.5303030303030303,12,5,4,0.7058823529411765,0.75,0.7272727272727272,2,8,0,0.2,1.0,0.33333333333333337
15.11.2011_131._Sitzung.txt,bert,0.25,3,9,13,0.25,0.1875,0.21428571428571427,1,4,1,0.2,0.5,0.28571428571428575
15.11.2011_131._Sitzung.txt,distilbert,0.20344827586206898,3,10,13,0.23076923076923078,0.1875,0.20689655172413793,1,7,1,0.125,0.5,0.2
15.12.1999_5._Sitzung.txt,rule_based,0.40277777777777773,10,9,7,0.5263157894736842,0.5882352941176471,0.5555555555555555,1,2,4,0.3333333333333333,0.2,0.25
15.12.1999_5._Sitzung.txt,flair,0.25,4,11,13,0.26666666666666666,0.23529411764705882,0.25,1,2,4,0.3333333333333333,0.2,0.25
15.12.1999_5._Sitzung.txt,spacy,0.3096590909090909,7,8,10,0.4666666666666667,0.4117647058823529,0.43749999999999994,1,5,4,0.16666666666666666,0.2,0.1818181818181818
15.12.1999_5._Sitzung.txt,improved_spacy,0.3096590909090909,7,8,10,0.4666666666666667,0.4117647058823529,0.43749999999999994,1,5,4,0.16666666666666666,0.2,0.1818181818181818
15.12.1999_5._Sitzung.txt,bert,0.2785923753665689,3,11,14,0.21428571428571427,0.17647058823529413,0.1935483870967742,2,4,3,0.3333333333333333,0.4,0.3636363636363636
15.12.1999_5._Sitzung.txt,distilbert,0.22844827586206895,3,9,14,0.25,0.17647058823529413,0.20689655172413793,1,2,4,0.3333333333333333,0.2,0.25
16.10.2012_174._Sitzung.txt,rule_based,0.20535714285714288,2,12,16,0.14285714285714285,0.1111111111111111,0.125,1,1,4,0.5,0.2,0.28571428571428575
16.10.2012_174._Sitzung.txt,flair,0.03225806451612904,1,12,17,0.07692307692307693,0.05555555555555555,0.06451612903225808,0,1,5,0.0,0.0,0.0
16.10.2012_174._Sitzung.txt,spacy,0.16363636363636364,1,14,17,0.06666666666666667,0.05555555555555555,0.0606060606060606,2,8,3,0.2,0.4,0.26666666666666666
16.10.2012_174._Sitzung.txt,improved_spacy,0.16363636363636364,1,14,17,0.06666666666666667,0.05555555555555555,0.0606060606060606,2,8,3,0.2,0.4,0.26666666666666666
16.10.2012_174._Sitzung.txt,bert,0.08333333333333333,0,12,18,0.0,0.0,0.0,1,6,4,0.14285714285714285,0.2,0.16666666666666666
16.10.2012_174._Sitzung.txt,distilbert,0.0,0,13,18,0.0,0.0,0.0,0,3,5,0.0,0.0,0.0
16.11.2012_183._Sitzung.txt,rule_based,0.7636363636363637,4,1,2,0.8,0.6666666666666666,0.7272727272727272,2,0,1,1.0,0.6666666666666666,0.8
16.11.2012_183._Sitzung.txt,flair,0.5666666666666667,4,0,2,1.0,0.6666666666666666,0.8,1,2,2,0.3333333333333333,0.3333333333333333,0.3333333333333333
16.11.2012_183._Sitzung.txt,spacy,0.5833333333333333,3,0,3,1.0,0.5,0.6666666666666666,3,6,0,0.3333333333333333,1.0,0.5
16.11.2012_183._Sitzung.txt,improved_spacy,0.5833333333333333,3,0,3,1.0,0.5,0.6666666666666666,3,6,0,0.3333333333333333,1.0,0.5
16.11.2012_183._Sitzung.txt,bert,0.65,4,0,2,1.0,0.6666666666666666,0.8,2,3,1,0.4,0.6666666666666666,0.5
16.11.2012_183._Sitzung.txt,distilbert,0.5,4,0,2,1.0,0.6666666666666666,0.8,1,6,2,0.14285714285714285,0.3333333333333333,0.2
16.11.2018_48._Sitzung.txt,rule_based,0.7066666666666666,23,16,13,0.5897435897435898,0.6388888888888888,0.6133333333333332,2,0,1,1.0,0.6666666666666666,0.8
16.11.2018_48._Sitzung.txt,flair,0.19402985074626866,13,18,23,0.41935483870967744,0.3611111111111111,0.3880597014925373,0,8,3,0.0,0.0,0.0
16.11.2018_48._Sitzung.txt,spacy,0.3785166240409207,18,15,18,0.5454545454545454,0.5,0.5217391304347826,2,12,1,0.14285714285714285,0.6666666666666666,0.23529411764705882
16.11.2018_48._Sitzung.txt,improved_spacy,0.3785166240409207,18,15,18,0.5454545454545454,0.5,0.5217391304347826,2,12,1,0.14285714285714285,0.6666666666666666,0.23529411764705882
16.11.2018_48._Sitzung.txt,bert,0.22426470588235295,11,21,25,0.34375,0.3055555555555556,0.3235294117647059,1,12,2,0.07692307692307693,0.3333333333333333,0.125
16.11.2018_48._Sitzung.txt,distilbert,0.16176470588235295,11,21,25,0.34375,0.3055555555555556,0.3235294117647059,0,12,3,0.0,0.0,0.0
17.01.2007_10._Sitzung.txt,rule_based,0.7280701754385964,15,2,6,0.8823529411764706,0.7142857142857143,0.7894736842105262,2,0,2,1.0,0.5,0.6666666666666666
17.01.2007_10._Sitzung.txt,flair,0.13513513513513511,5,11,16,0.3125,0.23809523809523808,0.27027027027027023,0,7,4,0.0,0.0,0.0
17.01.2007_10._Sitzung.txt,spacy,0.4349593495934959,11,9,10,0.55,0.5238095238095238,0.5365853658536585,2,6,2,0.25,0.5,0.3333333333333333
17.01.2007_10._Sitzung.txt,improved_spacy,0.4349593495934959,11,9,10,0.55,0.5238095238095238,0.5365853658536585,2,6,2,0.25,0.5,0.3333333333333333
17.01.2007_10._Sitzung.txt,bert,0.30147058823529416,6,7,15,0.46153846153846156,0.2857142857142857,0.35294117647058826,2,10,2,0.16666666666666666,0.5,0.25
17.01.2007_10._Sitzung.txt,distilbert,0.12121212121212123,4,8,17,0.3333333333333333,0.19047619047619047,0.24242424242424246,0,6,4,0.0,0.0,0.0
17.03.2016_120._Sitzung.txt,rule_based,0.6527777777777777,23,15,11,0.6052631578947368,0.6764705882352942,0.6388888888888888,2,0,2,1.0,0.5,0.6666666666666666
17.03.2016_120._Sitzung.txt,flair,0.32006633499170817,14,19,20,0.42424242424242425,0.4117647058823529,0.41791044776119407,1,4,3,0.2,0.25,0.22222222222222224
17.03.2016_120._Sitzung.txt,spacy,0.47497805092186124,20,13,14,0.6060606060606061,0.5882352941176471,0.5970149253731343,3,10,1,0.23076923076923078,0.75,0.3529411764705882
17.03.2016_120._Sitzung.txt,improved_spacy,0.47497805092186124,20,13,14,0.6060606060606061,0.5882352941176471,0.5970149253731343,3,10,1,0.23076923076923078,0.75,0.3529411764705882
17.03.2016_120._Sitzung.txt,bert,0.36363636363636365,13,19,21,0.40625,0.38235294117647056,0.393939393939394,2,6,2,0.25,0.5,0.3333333333333333
17.03.2016_120._Sitzung.txt,distilbert,0.2593283582089552,9,24,25,0.2727272727272727,0.2647058823529412,0.26865671641791045,1,3,3,0.25,0.25,0.25
17.05.2017_182._Sitzung.txt,rule_based,0.6948051948051949,27,7,5,0.7941176470588235,0.84375,0.8181818181818182,2,0,3,1.0,0.4,0.5714285714285715
17.05.2017_182._Sitzung.txt,flair,0.2579365079365079,11,20,21,0.3548387096774194,0.34375,0.3492063492063492,1,6,4,0.14285714285714285,0.2,0.16666666666666666
17.05.2017_182._Sitzung.txt,spacy,0.40625,18,14,14,0.5625,0.5625,0.5625,2,9,3,0.18181818181818182,0.4,0.25000000000000006
17.05.2017_182._Sitzung.txt,improved_spacy,0.40625,18,14,14,0.5625,0.5625,0.5625,2,9,3,0.18181818181818182,0.4,0.25000000000000006
17.05.2017_182._Sitzung.txt,bert,0.20967741935483872,13,17,19,0.43333333333333335,0.40625,0.41935483870967744,0,7,5,0.0,0.0,0.0
17.05.2017_182._Sitzung.txt,distilbert,0.17741935483870966,11,19,21,0.36666666666666664,0.34375,0.3548387096774193,0,12,5,0.0,0.0,0.0
17.05.2018_26._Sitzung.txt,rule_based,0.788888888888889,13,13,6,0.5,0.6842105263157895,0.5777777777777778,2,0,0,1.0,1.0,1.0
17.05.2018_26._Sitzung.txt,flair,0.25641025641025644,10,10,9,0.5,0.5263157894736842,0.5128205128205129,0,4,2,0.0,0.0,0.0
17.05.2018_26._Sitzung.txt,spacy,0.4285714285714286,11,12,8,0.4782608695652174,0.5789473684210527,0.5238095238095238,2,8,0,0.2,1.0,0.33333333333333337
17.05.2018_26._Sitzung.txt,improved_spacy,0.4285714285714286,11,12,8,0.4782608695652174,0.5789473684210527,0.5238095238095238,2,8,0,0.2,1.0,0.33333333333333337
17.05.2018_26._Sitzung.txt,bert,0.5142857142857143,8,8,11,0.5,0.42105263157894735,0.45714285714285713,2,3,0,0.4,1.0,0.5714285714285715
17.05.2018_26._Sitzung.txt,distilbert,0.24324324324324326,9,9,10,0.5,0.47368421052631576,0.4864864864864865,0,6,2,0.0,0.0,0.0
17.06.2004_68._Sitzung.txt,rule_based,0.7750000000000001,12,5,3,0.7058823529411765,0.8,0.7500000000000001,2,0,1,1.0,0.6666666666666666,0.8
17.06.2004_68._Sitzung.txt,flair,0.20000000000000004,6,9,9,0.4,0.4,0.4000000000000001,0,0,3,0.0,0.0,0.0
17.06.2004_68._Sitzung.txt,spacy,0.4222222222222223,6,9,9,0.4,0.4,0.4000000000000001,2,4,1,0.3333333333333333,0.6666666666666666,0.4444444444444444
17.06.2004_68._Sitzung.txt,improved_spacy,0.4222222222222223,6,9,9,0.4,0.4,0.4000000000000001,2,4,1,0.3333333333333333,0.6666666666666666,0.4444444444444444
17.06.2004_68._Sitzung.txt,bert,0.3928571428571429,3,10,12,0.23076923076923078,0.2,0.21428571428571427,2,2,1,0.5,0.6666666666666666,0.5714285714285715
17.06.2004_68._Sitzung.txt,distilbert,0.30714285714285716,3,10,12,0.23076923076923078,0.2,0.21428571428571427,1,1,2,0.5,0.3333333333333333,0.4
17.10.2012_176._Sitzung.txt,rule_based,0.6520376175548589,11,3,4,0.7857142857142857,0.7333333333333333,0.7586206896551724,3,0,5,1.0,0.375,0.5454545454545454
17.10.2012_176._Sitzung.txt,flair,0.3928571428571428,5,8,10,0.38461538461538464,0.3333333333333333,0.3571428571428571,3,3,5,0.5,0.375,0.42857142857142855
17.10.2012_176._Sitzung.txt,spacy,0.3435483870967742,6,10,9,0.375,0.4,0.38709677419354843,3,9,5,0.25,0.375,0.3
17.10.2012_176._Sitzung.txt,improved_spacy,0.3435483870967742,6,10,9,0.375,0.4,0.38709677419354843,3,9,5,0.25,0.375,0.3
17.10.2012_176._Sitzung.txt,bert,0.29748283752860416,2,6,13,0.25,0.13333333333333333,0.1739130434782609,4,7,4,0.36363636363636365,0.5,0.4210526315789474
17.10.2012_176._Sitzung.txt,distilbert,0.24666666666666665,2,8,13,0.2,0.13333333333333333,0.16,2,2,6,0.5,0.25,0.3333333333333333
17.11.2006_3._Sitzung.txt,rule_based,0.6559139784946236,10,7,4,0.5882352941176471,0.7142857142857143,0.6451612903225806,2,0,2,1.0,0.5,0.6666666666666666
17.11.2006_3._Sitzung.txt,flair,0.41428571428571426,6,8,8,0.42857142857142855,0.42857142857142855,0.42857142857142855,1,0,3,1.0,0.25,0.4
17.11.2006_3._Sitzung.txt,spacy,0.5857142857142856,8,6,6,0.5714285714285714,0.5714285714285714,0.5714285714285714,3,3,1,0.5,0.75,0.6
17.11.2006_3._Sitzung.txt,improved_spacy,0.5857142857142856,8,6,6,0.5714285714285714,0.5714285714285714,0.5714285714285714,3,3,1,0.5,0.75,0.6
17.11.2006_3._Sitzung.txt,bert,0.31527093596059114,5,10,9,0.3333333333333333,0.35714285714285715,0.3448275862068965,1,2,3,0.3333333333333333,0.25,0.28571428571428575
17.11.2006_3._Sitzung.txt,distilbert,0.33189655172413796,6,9,8,0.4,0.42857142857142855,0.4137931034482759,1,3,3,0.25,0.25,0.25
18.04.2002_102._Sitzung.txt,rule_based,0.6446886446886447,14,7,4,0.6666666666666666,0.7777777777777778,0.717948717948718,2,0,3,1.0,0.4,0.5714285714285715
18.04.2002_102._Sitzung.txt,flair,0.19444444444444445,7,11,11,0.3888888888888889,0.3888888888888889,0.3888888888888889,0,2,5,0.0,0.0,0.0
18.04.2002_102._Sitzung.txt,spacy,0.48737373737373735,11,7,7,0.6111111111111112,0.6111111111111112,0.6111111111111112,2,4,3,0.3333333333333333,0.4,0.3636363636363636
18.04.2002_102._Sitzung.txt,improved_spacy,0.48737373737373735,11,7,7,0.6111111111111112,0.6111111111111112,0.6111111111111112,2,4,3,0.3333333333333333,0.4,0.3636363636363636
18.04.2002_102._Sitzung.txt,bert,0.3974358974358974,6,12,12,0.3333333333333333,0.3333333333333333,0.3333333333333333,3,5,2,0.375,0.6,0.4615384615384615
18.04.2002_102._Sitzung.txt,distilbert,0.4509803921568627,4,12,14,0.25,0.2222222222222222,0.23529411764705882,3,1,2,0.75,0.6,0.6666666666666665
18.09.2009_36._Sitzung.txt,rule_based,0.6778711484593838,20,6,5,0.7692307692307693,0.8,0.7843137254901961,2,0,3,1.0,0.4,0.5714285714285715
18.09.2009_36._Sitzung.txt,flair,0.17647058823529413,9,17,16,0.34615384615384615,0.36,0.35294117647058826,0,0,5,0.0,0.0,0.0
18.09.2009_36._Sitzung.txt,spacy,0.38285714285714284,12,13,13,0.48,0.48,0.48,2,7,3,0.2222222222222222,0.4,0.2857142857142857
18.09.2009_36._Sitzung.txt,improved_spacy,0.44,12,13,13,0.48,0.48,0.48,3,7,2,0.3,0.6,0.4
18.09.2009_36._Sitzung.txt,bert,0.2669172932330827,2,11,23,0.15384615384615385,0.08,0.10526315789473685,3,6,2,0.3333333333333333,0.6,0.42857142857142855
18.09.2009_36._Sitzung.txt,distilbert,0.25,2,13,23,0.13333333333333333,0.08,0.1,3,7,2,0.3,0.6,0.4
18.11.2004_88._Sitzung.txt,rule_based,0.8529411764705883,6,3,2,0.6666666666666666,0.75,0.7058823529411765,3,0,0,1.0,1.0,1.0
18.11.2004_88._Sitzung.txt,flair,0.125,2,6,6,0.25,0.25,0.25,0,2,3,0.0,0.0,0.0
18.11.2004_88._Sitzung.txt,spacy,0.5751633986928104,6,3,2,0.6666666666666666,0.75,0.7058823529411765,2,4,1,0.3333333333333333,0.6666666666666666,0.4444444444444444
18.11.2004_88._Sitzung.txt,improved_spacy,0.6529411764705882,6,3,2,0.6666666666666666,0.75,0.7058823529411765,3,4,0,0.42857142857142855,1.0,0.6
18.11.2004_88._Sitzung.txt,bert,0.48717948717948717,2,3,6,0.4,0.25,0.3076923076923077,2,1,1,0.6666666666666666,0.6666666666666666,0.6666666666666666
18.11.2004_88._Sitzung.txt,distilbert,0.35384615384615387,2,3,6,0.4,0.25,0.3076923076923077,1,1,2,0.5,0.3333333333333333,0.4
19.01.2012_142._Sitzung.txt,rule_based,0.14939024390243902,1,19,20,0.05,0.047619047619047616,0.04878048780487805,1,1,5,0.5,0.16666666666666666,0.25
19.01.2012_142._Sitzung.txt,flair,0.0,0,18,21,0.0,0.0,0.0,0,2,6,0.0,0.0,0.0
19.01.2012_142._Sitzung.txt,spacy,0.09581881533101047,1,19,20,0.05,0.047619047619047616,0.04878048780487805,1,7,5,0.125,0.16666666666666666,0.14285714285714288
19.01.2012_142._Sitzung.txt,improved_spacy,0.09581881533101047,1,19,20,0.05,0.047619047619047616,0.04878048780487805,1,7,5,0.125,0.16666666666666666,0.14285714285714288
19.01.2012_142._Sitzung.txt,bert,0.0,0,17,21,0.0,0.0,0.0,0,9,6,0.0,0.0,0.0
19.01.2012_142._Sitzung.txt,distilbert,0.07142857142857144,0,21,21,0.0,0.0,0.0,1,7,5,0.125,0.16666666666666666,0.14285714285714288
19.03.2018_14._Sitzung.txt,rule_based,0.9285714285714286,15,2,3,0.8823529411764706,0.8333333333333334,0.8571428571428571,2,0,0,1.0,1.0,1.0
19.03.2018_14._Sitzung.txt,flair,0.3888888888888889,14,4,4,0.7777777777777778,0.7777777777777778,0.7777777777777778,0,1,2,0.0,0.0,0.0
19.03.2018_14._Sitzung.txt,spacy,0.6283783783783783,14,5,4,0.7368421052631579,0.7777777777777778,0.7567567567567567,2,4,0,0.3333333333333333,1.0,0.5
19.03.2018_14._Sitzung.txt,improved_spacy,0.6283783783783783,14,5,4,0.7368421052631579,0.7777777777777778,0.7567567567567567,2,4,0,0.3333333333333333,1.0,0.5
19.03.2018_14._Sitzung.txt,bert,0.4416666666666667,1,5,17,0.16666666666666666,0.05555555555555555,0.08333333333333333,2,1,0,0.6666666666666666,1.0,0.8
19.03.2018_14._Sitzung.txt,distilbert,0.04,1,6,17,0.14285714285714285,0.05555555555555555,0.08,0,1,2,0.0,0.0,0.0
19.03.2020_18._Sitzung.txt,rule_based,0.7289377289377289,36,14,5,0.72,0.8780487804878049,0.7912087912087912,2,0,2,1.0,0.5,0.6666666666666666
19.03.2020_18._Sitzung.txt,flair,0.15853658536585366,13,28,28,0.3170731707317073,0.3170731707317073,0.3170731707317073,0,3,4,0.0,0.0,0.0
19.03.2020_18._Sitzung.txt,spacy,0.37142857142857144,20,23,21,0.46511627906976744,0.4878048780487805,0.4761904761904762,2,9,2,0.18181818181818182,0.5,0.26666666666666666
19.03.2020_18._Sitzung.txt,improved_spacy,0.37142857142857144,20,23,21,0.46511627906976744,0.4878048780487805,0.4761904761904762,2,9,2,0.18181818181818182,0.5,0.26666666666666666
19.03.2020_18._Sitzung.txt,bert,0.2097457627118644,5,13,36,0.2777777777777778,0.12195121951219512,0.16949152542372883,1,3,3,0.25,0.25,0.25
19.03.2020_18._Sitzung.txt,distilbert,0.20955315870570107,7,11,34,0.3888888888888889,0.17073170731707318,0.23728813559322035,1,6,3,0.14285714285714285,0.25,0.18181818181818182
19.05.2009_22._Sitzung.txt,rule_based,0.8333333333333334,17,12,5,0.5862068965517241,0.7727272727272727,0.6666666666666667,2,0,0,1.0,1.0,1.0
19.05.2009_22._Sitzung.txt,flair,0.1951219512195122,8,11,14,0.42105263157894735,0.36363636363636365,0.3902439024390244,0,8,2,0.0,0.0,0.0
19.05.2009_22._Sitzung.txt,spacy,0.4222222222222223,13,10,9,0.5652173913043478,0.5909090909090909,0.5777777777777778,2,11,0,0.15384615384615385,1.0,0.2666666666666667
19.05.2009_22._Sitzung.txt,improved_spacy,0.4222222222222223,13,10,9,0.5652173913043478,0.5909090909090909,0.5777777777777778,2,11,0,0.15384615384615385,1.0,0.2666666666666667
19.05.2009_22._Sitzung.txt,bert,0.33333333333333337,7,10,15,0.4117647058823529,0.3181818181818182,0.358974358974359,2,9,0,0.18181818181818182,1.0,0.3076923076923077
19.05.2009_22._Sitzung.txt,distilbert,0.25,7,13,15,0.35,0.3181818181818182,0.3333333333333333,1,9,1,0.1,0.5,0.16666666666666669
19.08.2002_114._Sitzung.txt,rule_based,0.7043478260869565,7,6,3,0.5384615384615384,0.7,0.608695652173913,2,0,1,1.0,0.6666666666666666,0.8
19.08.2002_114._Sitzung.txt,flair,0.20000000000000004,4,6,6,0.4,0.4,0.4000000000000001,0,5,3,0.0,0.0,0.0
19.08.2002_114._Sitzung.txt,spacy,0.6710526315789473,8,1,2,0.8888888888888888,0.8,0.8421052631578948,2,3,1,0.4,0.6666666666666666,0.5
19.08.2002_114._Sitzung.txt,improved_spacy,0.6710526315789473,8,1,2,0.8888888888888888,0.8,0.8421052631578948,2,3,1,0.4,0.6666666666666666,0.5
19.08.2002_114._Sitzung.txt,bert,0.5333333333333333,4,6,6,0.4,0.4,0.4000000000000001,3,3,0,0.5,1.0,0.6666666666666666
19.08.2002_114._Sitzung.txt,distilbert,0.4222222222222223,4,6,6,0.4,0.4,0.4000000000000001,2,4,1,0.3333333333333333,0.6666666666666666,0.4444444444444444
19.09.2002_116._Sitzung.txt,rule_based,0.13636363636363635,1,10,10,0.09090909090909091,0.09090909090909091,0.09090909090909091,1,1,8,0.5,0.1111111111111111,0.1818181818181818
19.09.2002_116._Sitzung.txt,flair,0.06666666666666667,0,9,11,0.0,0.0,0.0,1,5,8,0.16666666666666666,0.1111111111111111,0.13333333333333333
19.09.2002_116._Sitzung.txt,spacy,0.15873015873015872,1,9,10,0.1,0.09090909090909091,0.09523809523809525,2,7,7,0.2222222222222222,0.2222222222222222,0.2222222222222222
19.09.2002_116._Sitzung.txt,improved_spacy,0.15873015873015872,1,9,10,0.1,0.09090909090909091,0.09523809523809525,2,7,7,0.2222222222222222,0.2222222222222222,0.2222222222222222
19.09.2002_116._Sitzung.txt,bert,0.16666666666666666,0,9,11,0.0,0.0,0.0,3,6,6,0.3333333333333333,0.3333333333333333,0.3333333333333333
19.09.2002_116._Sitzung.txt,distilbert,0.058823529411764705,0,8,11,0.0,0.0,0.0,1,7,8,0.125,0.1111111111111111,0.11764705882352941
19.10.2000_42._Sitzung.txt,rule_based,0.9222222222222223,19,4,3,0.8260869565217391,0.8636363636363636,0.8444444444444444,3,0,0,1.0,1.0,1.0
19.10.2000_42._Sitzung.txt,flair,0.22727272727272727,10,12,12,0.45454545454545453,0.45454545454545453,0.45454545454545453,0,2,3,0.0,0.0,0.0
19.10.2000_42._Sitzung.txt,spacy,0.5681818181818181,14,8,8,0.6363636363636364,0.6363636363636364,0.6363636363636364,2,3,1,0.4,0.6666666666666666,0.5
19.10.2000_42._Sitzung.txt,improved_spacy,0.6515151515151515,14,8,8,0.6363636363636364,0.6363636363636364,0.6363636363636364,3,3,0,0.5,1.0,0.6666666666666666
19.10.2000_42._Sitzung.txt,bert,0.3418803418803419,9,8,13,0.5294117647058824,0.4090909090909091,0.46153846153846156,1,5,2,0.16666666666666666,0.3333333333333333,0.2222222222222222
19.10.2000_42._Sitzung.txt,distilbert,0.47619047619047616,5,8,17,0.38461538461538464,0.22727272727272727,0.2857142857142857,2,1,1,0.6666666666666666,0.6666666666666666,0.6666666666666666
20.09.2017_196._Sitzung.txt,rule_based,0.5904761904761905,4,8,5,0.3333333333333333,0.4444444444444444,0.380952380952381,2,0,1,1.0,0.6666666666666666,0.8
20.09.2017_196._Sitzung.txt,flair,0.2222222222222222,4,5,5,0.4444444444444444,0.4444444444444444,0.4444444444444444,0,0,3,0.0,0.0,0.0
20.09.2017_196._Sitzung.txt,spacy,0.661764705882353,7,1,2,0.875,0.7777777777777778,0.823529411764706,2,3,1,0.4,0.6666666666666666,0.5
20.09.2017_196._Sitzung.txt,improved_spacy,0.661764705882353,7,1,2,0.875,0.7777777777777778,0.823529411764706,2,3,1,0.4,0.6666666666666666,0.5
20.09.2017_196._Sitzung.txt,bert,0.5666666666666667,3,6,6,0.3333333333333333,0.3333333333333333,0.3333333333333333,2,0,1,1.0,0.6666666666666666,0.8
20.09.2017_196._Sitzung.txt,distilbert,0.35,2,9,7,0.18181818181818182,0.2222222222222222,0.19999999999999998,1,0,2,1.0,0.3333333333333333,0.5
20.10.2005_126._Sitzung.txt,rule_based,0.6190476190476191,17,10,7,0.6296296296296297,0.7083333333333334,0.6666666666666667,2,0,3,1.0,0.4,0.5714285714285715
20.10.2005_126._Sitzung.txt,flair,0.44999999999999996,9,12,15,0.42857142857142855,0.375,0.39999999999999997,2,1,3,0.6666666666666666,0.4,0.5
20.10.2005_126._Sitzung.txt,spacy,0.47384615384615386,16,10,8,0.6153846153846154,0.6666666666666666,0.64,2,6,3,0.25,0.4,0.3076923076923077
20.10.2005_126._Sitzung.txt,improved_spacy,0.47384615384615386,16,10,8,0.6153846153846154,0.6666666666666666,0.64,2,6,3,0.25,0.4,0.3076923076923077
20.10.2005_126._Sitzung.txt,bert,0.38888888888888895,10,11,14,0.47619047619047616,0.4166666666666667,0.4444444444444445,3,10,2,0.23076923076923078,0.6,0.33333333333333337
20.10.2005_126._Sitzung.txt,distilbert,0.35815602836879434,9,14,15,0.391304347826087,0.375,0.3829787234042554,2,5,3,0.2857142857142857,0.4,0.3333333333333333
20.10.2008_74._Sitzung.txt,rule_based,0.24166666666666667,1,11,11,0.08333333333333333,0.08333333333333333,0.08333333333333333,1,1,2,0.5,0.3333333333333333,0.4
20.10.2008_74._Sitzung.txt,flair,0.0,0,11,12,0.0,0.0,0.0,0,0,3,0.0,0.0,0.0
20.10.2008_74._Sitzung.txt,spacy,0.14285714285714288,0,13,12,0.0,0.0,0.0,1,3,2,0.25,0.3333333333333333,0.28571428571428575
20.10.2008_74._Sitzung.txt,improved_spacy,0.14285714285714288,0,13,12,0.0,0.0,0.0,1,3,2,0.25,0.3333333333333333,0.28571428571428575
20.10.2008_74._Sitzung.txt,bert,0.0,0,11,12,0.0,0.0,0.0,0,1,3,0.0,0.0,0.0
20.10.2008_74._Sitzung.txt,distilbert,0.0,0,12,12,0.0,0.0,0.0,0,0,3,0.0,0.0,0.0
20.10.2011_125._Sitzung.txt,rule_based,0.7214285714285715,9,7,3,0.5625,0.75,0.6428571428571429,2,0,1,1.0,0.6666666666666666,0.8
20.10.2011_125._Sitzung.txt,flair,0.20833333333333334,5,7,7,0.4166666666666667,0.4166666666666667,0.4166666666666667,0,3,3,0.0,0.0,0.0
20.10.2011_125._Sitzung.txt,spacy,0.5022222222222221,7,6,5,0.5384615384615384,0.5833333333333334,0.5599999999999999,2,4,1,0.3333333333333333,0.6666666666666666,0.4444444444444444
20.10.2011_125._Sitzung.txt,improved_spacy,0.5022222222222221,7,6,5,0.5384615384615384,0.5833333333333334,0.5599999999999999,2,4,1,0.3333333333333333,0.6666666666666666,0.4444444444444444
20.10.2011_125._Sitzung.txt,bert,0.4145299145299145,5,9,7,0.35714285714285715,0.4166666666666667,0.3846153846153846,2,4,1,0.3333333333333333,0.6666666666666666,0.4444444444444444
20.10.2011_125._Sitzung.txt,distilbert,0.3666666666666667,4,8,8,0.3333333333333333,0.3333333333333333,0.3333333333333333,1,1,2,0.5,0.3333333333333333,0.4
20.10.2011_127._Sitzung.txt,rule_based,0.6380952380952382,5,7,4,0.4166666666666667,0.5555555555555556,0.4761904761904762,2,0,1,1.0,0.6666666666666666,0.8
20.10.2011_127._Sitzung.txt,flair,0.2222222222222222,4,5,5,0.4444444444444444,0.4444444444444444,0.4444444444444444,0,0,3,0.0,0.0,0.0
20.10.2011_127._Sitzung.txt,spacy,0.5157894736842106,6,4,3,0.6,0.6666666666666666,0.631578947368421,2,5,1,0.2857142857142857,0.6666666666666666,0.4
20.10.2011_127._Sitzung.txt,improved_spacy,0.5157894736842106,6,4,3,0.6,0.6666666666666666,0.631578947368421,2,5,1,0.2857142857142857,0.6666666666666666,0.4
20.10.2011_127._Sitzung.txt,bert,0.5764705882352942,3,5,6,0.375,0.3333333333333333,0.35294117647058826,2,0,1,1.0,0.6666666666666666,0.8
20.10.2011_127._Sitzung.txt,distilbert,0.2605042016806723,2,6,7,0.25,0.2222222222222222,0.23529411764705882,1,3,2,0.25,0.3333333333333333,0.28571428571428575
20.11.2020_66._Sitzung.txt,rule_based,0.6190476190476191,4,4,2,0.5,0.6666666666666666,0.5714285714285715,2,0,2,1.0,0.5,0.6666666666666666
20.11.2020_66._Sitzung.txt,flair,0.3333333333333333,4,2,2,0.6666666666666666,0.6666666666666666,0.6666666666666666,0,0,4,0.0,0.0,0.0
20.11.2020_66._Sitzung.txt,spacy,0.641025641025641,4,3,2,0.5714285714285714,0.6666666666666666,0.6153846153846153,4,4,0,0.5,1.0,0.6666666666666666
20.11.2020_66._Sitzung.txt,improved_spacy,0.641025641025641,4,3,2,0.5714285714285714,0.6666666666666666,0.6153846153846153,4,4,0,0.5,1.0,0.6666666666666666
20.11.2020_66._Sitzung.txt,bert,0.3333333333333333,4,2,2,0.6666666666666666,0.6666666666666666,0.6666666666666666,0,2,4,0.0,0.0,0.0
20.11.2020_66._Sitzung.txt,distilbert,0.35714285714285715,5,3,1,0.625,0.8333333333333334,0.7142857142857143,0,2,4,0.0,0.0,0.0
21.03.2002_99._Sitzung.txt,rule_based,0.20921985815602837,2,21,22,0.08695652173913043,0.08333333333333333,0.0851063829787234,1,1,3,0.5,0.25,0.3333333333333333
21.03.2002_99._Sitzung.txt,flair,0.023255813953488375,1,18,23,0.05263157894736842,0.041666666666666664,0.04651162790697675,0,3,4,0.0,0.0,0.0
21.03.2002_99._Sitzung.txt,spacy,0.13535353535353536,2,19,22,0.09523809523809523,0.08333333333333333,0.08888888888888889,1,6,3,0.14285714285714285,0.25,0.18181818181818182
21.03.2002_99._Sitzung.txt,improved_spacy,0.13535353535353536,2,19,22,0.09523809523809523,0.08333333333333333,0.08888888888888889,1,6,3,0.14285714285714285,0.25,0.18181818181818182
21.03.2002_99._Sitzung.txt,bert,0.2,0,9,24,0.0,0.0,0.0,2,4,2,0.3333333333333333,0.5,0.4
21.03.2002_99._Sitzung.txt,distilbert,0.0,0,11,24,0.0,0.0,0.0,0,4,4,0.0,0.0,0.0
21.03.2013_195._Sitzung.txt,rule_based,0.6266233766233766,15,9,5,0.625,0.75,0.6818181818181818,2,0,3,1.0,0.4,0.5714285714285715
21.03.2013_195._Sitzung.txt,flair,0.1794871794871795,7,12,13,0.3684210526315789,0.35,0.358974358974359,0,3,5,0.0,0.0,0.0
21.03.2013_195._Sitzung.txt,spacy,0.38461538461538464,9,10,11,0.47368421052631576,0.45,0.46153846153846156,2,6,3,0.25,0.4,0.3076923076923077
21.03.2013_195._Sitzung.txt,improved_spacy,0.38461538461538464,9,10,11,0.47368421052631576,0.45,0.46153846153846156,2,6,3,0.25,0.4,0.3076923076923077
21.03.2013_195._Sitzung.txt,bert,0.325,9,11,11,0.45,0.45,0.45,1,4,4,0.2,0.2,0.20000000000000004
21.03.2013_195._Sitzung.txt,distilbert,0.23717948717948717,6,13,14,0.3157894736842105,0.3,0.3076923076923077,1,6,4,0.14285714285714285,0.2,0.16666666666666666
21.09.2000_38._Sitzung.txt,rule_based,0.37254901960784315,7,9,11,0.4375,0.3888888888888889,0.411764705882353,1,2,2,0.3333333333333333,0.3333333333333333,0.3333333333333333
21.09.2000_38._Sitzung.txt,flair,0.0625,2,12,16,0.14285714285714285,0.1111111111111111,0.125,0,1,3,0.0,0.0,0.0
21.09.2000_38._Sitzung.txt,spacy,0.225,4,10,14,0.2857142857142857,0.2222222222222222,0.25,1,6,2,0.14285714285714285,0.3333333333333333,0.2
21.09.2000_38._Sitzung.txt,improved_spacy,0.225,4,10,14,0.2857142857142857,0.2222222222222222,0.25,1,6,2,0.14285714285714285,0.3333333333333333,0.2
21.09.2000_38._Sitzung.txt,bert,0.13571428571428573,1,9,17,0.1,0.05555555555555555,0.07142857142857142,1,6,2,0.14285714285714285,0.3333333333333333,0.2
21.09.2000_38._Sitzung.txt,distilbert,0.03846153846153846,1,7,17,0.125,0.05555555555555555,0.07692307692307691,0,4,3,0.0,0.0,0.0
21.12.2020_74._Sitzung.txt,rule_based,0.2964705882352941,6,20,18,0.23076923076923078,0.25,0.24000000000000002,3,3,8,0.5,0.2727272727272727,0.3529411764705882
21.12.2020_74._Sitzung.txt,flair,0.27304964539007087,5,18,19,0.21739130434782608,0.20833333333333334,0.2127659574468085,3,4,8,0.42857142857142855,0.2727272727272727,0.33333333333333326
21.12.2020_74._Sitzung.txt,spacy,0.2580128205128205,5,19,19,0.20833333333333334,0.20833333333333334,0.20833333333333334,4,11,7,0.26666666666666666,0.36363636363636365,0.30769230769230765
21.12.2020_74._Sitzung.txt,improved_spacy,0.2580128205128205,5,19,19,0.20833333333333334,0.20833333333333334,0.20833333333333334,4,11,7,0.26666666666666666,0.36363636363636365,0.30769230769230765
21.12.2020_74._Sitzung.txt,bert,0.15,0,10,24,0.0,0.0,0.0,3,6,8,0.3333333333333333,0.2727272727272727,0.3
21.12.2020_74._Sitzung.txt,distilbert,0.09523809523809525,0,11,24,0.0,0.0,0.0,2,8,9,0.2,0.18181818181818182,0.1904761904761905
22.06.2006_156._Sitzung.txt,rule_based,0.6243243243243243,12,5,8,0.7058823529411765,0.6,0.6486486486486486,3,0,4,1.0,0.42857142857142855,0.6
22.06.2006_156._Sitzung.txt,flair,0.24444444444444446,4,12,16,0.25,0.2,0.22222222222222224,2,6,5,0.25,0.2857142857142857,0.26666666666666666
22.06.2006_156._Sitzung.txt,spacy,0.4487179487179487,11,8,9,0.5789473684210527,0.55,0.5641025641025641,3,8,4,0.2727272727272727,0.42857142857142855,0.33333333333333326
22.06.2006_156._Sitzung.txt,improved_spacy,0.4925775978407557,11,8,9,0.5789473684210527,0.55,0.5641025641025641,4,8,3,0.3333333333333333,0.5714285714285714,0.4210526315789474
22.06.2006_156._Sitzung.txt,bert,0.32499999999999996,4,8,16,0.3333333333333333,0.2,0.25,3,5,4,0.375,0.42857142857142855,0.39999999999999997
22.06.2006_156._Sitzung.txt,distilbert,0.18458781362007168,4,7,16,0.36363636363636365,0.2,0.25806451612903225,1,10,6,0.09090909090909091,0.14285714285714285,0.1111111111111111
22.09.2004_77._Sitzung.txt,rule_based,0.7017543859649122,7,3,2,0.7,0.7777777777777778,0.7368421052631577,2,0,2,1.0,0.5,0.6666666666666666
22.09.2004_77._Sitzung.txt,flair,0.16666666666666666,3,6,6,0.3333333333333333,0.3333333333333333,0.3333333333333333,0,0,4,0.0,0.0,0.0
22.09.2004_77._Sitzung.txt,spacy,0.6184210526315789,7,3,2,0.7,0.7777777777777778,0.7368421052631577,2,2,2,0.5,0.5,0.5
22.09.2004_77._Sitzung.txt,improved_spacy,0.6184210526315789,7,3,2,0.7,0.7777777777777778,0.7368421052631577,2,2,2,0.5,0.5,0.5
22.09.2004_77._Sitzung.txt,bert,0.26666666666666666,1,5,8,0.16666666666666666,0.1111111111111111,0.13333333333333333,2,4,2,0.3333333333333333,0.5,0.4
22.09.2004_77._Sitzung.txt,distilbert,0.25555555555555554,1,8,8,0.1111111111111111,0.1111111111111111,0.1111111111111111,2,4,2,0.3333333333333333,0.5,0.4
22.10.2009_42._Sitzung.txt,rule_based,0.7225806451612904,20,10,12,0.6666666666666666,0.625,0.6451612903225806,2,0,1,1.0,0.6666666666666666,0.8
22.10.2009_42._Sitzung.txt,flair,0.22413793103448276,13,13,19,0.5,0.40625,0.4482758620689655,0,9,3,0.0,0.0,0.0
22.10.2009_42._Sitzung.txt,spacy,0.4666666666666667,18,10,14,0.6428571428571429,0.5625,0.6000000000000001,2,7,1,0.2222222222222222,0.6666666666666666,0.3333333333333333
22.10.2009_42._Sitzung.txt,improved_spacy,0.4666666666666667,18,10,14,0.6428571428571429,0.5625,0.6000000000000001,2,7,1,0.2222222222222222,0.6666666666666666,0.3333333333333333
22.10.2009_42._Sitzung.txt,bert,0.2521551724137931,11,15,21,0.4230769230769231,0.34375,0.3793103448275862,1,12,2,0.07692307692307693,0.3333333333333333,0.125
22.10.2009_42._Sitzung.txt,distilbert,0.1896551724137931,11,15,21,0.4230769230769231,0.34375,0.3793103448275862,0,6,3,0.0,0.0,0.0
23.05.2002_105._Sitzung.txt,rule_based,0.7023255813953488,13,9,8,0.5909090909090909,0.6190476190476191,0.6046511627906977,2,0,1,1.0,0.6666666666666666,0.8
23.05.2002_105._Sitzung.txt,flair,0.29166666666666663,7,14,14,0.3333333333333333,0.3333333333333333,0.3333333333333333,1,4,2,0.2,0.3333333333333333,0.25
23.05.2002_105._Sitzung.txt,spacy,0.5018315018315018,14,4,7,0.7777777777777778,0.6666666666666666,0.717948717948718,2,9,1,0.18181818181818182,0.6666666666666666,0.28571428571428575
23.05.2002_105._Sitzung.txt,improved_spacy,0.5018315018315018,14,4,7,0.7777777777777778,0.6666666666666666,0.717948717948718,2,9,1,0.18181818181818182,0.6666666666666666,0.28571428571428575
23.05.2002_105._Sitzung.txt,bert,0.44285714285714284,6,15,15,0.2857142857142857,0.2857142857142857,0.2857142857142857,3,4,0,0.42857142857142855,1.0,0.6
23.05.2002_105._Sitzung.txt,distilbert,0.32195121951219513,5,15,16,0.25,0.23809523809523808,0.24390243902439024,1,1,2,0.5,0.3333333333333333,0.4
23.05.2006_151._Sitzung.txt,rule_based,0.18131868131868134,1,11,13,0.08333333333333333,0.07142857142857142,0.07692307692307691,1,1,4,0.5,0.2,0.28571428571428575
23.05.2006_151._Sitzung.txt,flair,0.043478260869565216,1,8,13,0.1111111111111111,0.07142857142857142,0.08695652173913043,0,4,5,0.0,0.0,0.0
23.05.2006_151._Sitzung.txt,spacy,0.08333333333333333,0,10,14,0.0,0.0,0.0,1,6,4,0.14285714285714285,0.2,0.16666666666666666
23.05.2006_151._Sitzung.txt,improved_spacy,0.08333333333333333,0,10,14,0.0,0.0,0.0,1,6,4,0.14285714285714285,0.2,0.16666666666666666
23.05.2006_151._Sitzung.txt,bert,0.17763157894736842,1,4,13,0.2,0.07142857142857142,0.10526315789473682,1,2,4,0.3333333333333333,0.2,0.25
23.05.2006_151._Sitzung.txt,distilbert,0.047619047619047616,1,6,13,0.14285714285714285,0.07142857142857142,0.09523809523809523,0,1,5,0.0,0.0,0.0
23.05.2014_29._Sitzung.txt,rule_based,0.525,1,3,3,0.25,0.25,0.25,2,0,1,1.0,0.6666666666666666,0.8
23.05.2014_29._Sitzung.txt,flair,0.14285714285714288,1,2,3,0.3333333333333333,0.25,0.28571428571428575,0,0,3,0.0,0.0,0.0
23.05.2014_29._Sitzung.txt,spacy,0.375,1,3,3,0.25,0.25,0.25,2,3,1,0.4,0.6666666666666666,0.5
23.05.2014_29._Sitzung.txt,improved_spacy,0.375,1,3,3,0.25,0.25,0.25,2,3,1,0.4,0.6666666666666666,0.5
23.05.2014_29._Sitzung.txt,bert,0.5535714285714286,3,0,1,1.0,0.75,0.8571428571428571,1,4,2,0.2,0.3333333333333333,0.25
23.05.2014_29._Sitzung.txt,distilbert,0.42857142857142855,3,0,1,1.0,0.75,0.8571428571428571,0,3,3,0.0,0.0,0.0
23.10.2003_36._Sitzung.txt,rule_based,0.6904761904761905,10,3,5,0.7692307692307693,0.6666666666666666,0.7142857142857142,2,0,2,1.0,0.5,0.6666666666666666
23.10.2003_36._Sitzung.txt,flair,0.25925925925925924,4,8,11,0.3333333333333333,0.26666666666666666,0.2962962962962963,1,4,3,0.2,0.25,0.22222222222222224
23.10.2003_36._Sitzung.txt,spacy,0.5403225806451613,9,7,6,0.5625,0.6,0.5806451612903225,3,5,1,0.375,0.75,0.5
23.10.2003_36._Sitzung.txt,improved_spacy,0.5403225806451613,9,7,6,0.5625,0.6,0.5806451612903225,3,5,1,0.375,0.75,0.5
23.10.2003_36._Sitzung.txt,bert,0.2311111111111111,3,7,12,0.3,0.2,0.24,1,4,3,0.2,0.25,0.22222222222222224
23.10.2003_36._Sitzung.txt,distilbert,0.22181818181818183,1,9,14,0.1,0.06666666666666667,0.08,2,5,2,0.2857142857142857,0.5,0.36363636363636365
23.10.2019_2._Sitzung.txt,rule_based,0.8583333333333334,11,1,1,0.9166666666666666,0.9166666666666666,0.9166666666666666,2,0,1,1.0,0.6666666666666666,0.8
23.10.2019_2._Sitzung.txt,flair,0.5333333333333333,8,4,4,0.6666666666666666,0.6666666666666666,0.6666666666666666,1,1,2,0.5,0.3333333333333333,0.4
23.10.2019_2._Sitzung.txt,spacy,0.5938461538461538,11,2,1,0.8461538461538461,0.9166666666666666,0.8799999999999999,2,8,1,0.2,0.6666666666666666,0.30769230769230765
23.10.2019_2._Sitzung.txt,improved_spacy,0.5938461538461538,11,2,1,0.8461538461538461,0.9166666666666666,0.8799999999999999,2,8,1,0.2,0.6666666666666666,0.30769230769230765
23.10.2019_2._Sitzung.txt,bert,0.5576923076923077,8,6,4,0.5714285714285714,0.6666666666666666,0.6153846153846153,2,3,1,0.4,0.6666666666666666,0.5
23.10.2019_2._Sitzung.txt,distilbert,0.42145593869731807,9,8,3,0.5294117647058824,0.75,0.6206896551724139,1,5,2,0.16666666666666666,0.3333333333333333,0.2222222222222222
24.10.2001_82._Sitzung.txt,rule_based,0.6799999999999999,7,6,5,0.5384615384615384,0.5833333333333334,0.5599999999999999,2,0,1,1.0,0.6666666666666666,0.8
24.10.2001_82._Sitzung.txt,flair,0.08333333333333333,2,10,10,0.16666666666666666,0.16666666666666666,0.16666666666666666,0,9,3,0.0,0.0,0.0
24.10.2001_82._Sitzung.txt,spacy,0.4074074074074074,8,7,4,0.5333333333333333,0.6666666666666666,0.5925925925925926,2,13,1,0.13333333333333333,0.6666666666666666,0.2222222222222222
24.10.2001_82._Sitzung.txt,improved_spacy,0.4074074074074074,8,7,4,0.5333333333333333,0.6666666666666666,0.5925925925925926,2,13,1,0.13333333333333333,0.6666666666666666,0.2222222222222222
24.10.2001_82._Sitzung.txt,bert,0.2783882783882784,1,8,11,0.1111111111111111,0.08333333333333333,0.09523809523809525,3,7,0,0.3,1.0,0.4615384615384615
24.10.2001_82._Sitzung.txt,distilbert,0.2722222222222222,1,7,11,0.125,0.08333333333333333,0.1,2,4,1,0.3333333333333333,0.6666666666666666,0.4444444444444444
24.11.2016_156._Sitzung.txt,rule_based,0.8333333333333333,4,2,2,0.6666666666666666,0.6666666666666666,0.6666666666666666,2,0,0,1.0,1.0,1.0
24.11.2016_156._Sitzung.txt,flair,0.43939393939393934,3,2,3,0.6,0.5,0.5454545454545454,1,3,1,0.25,0.5,0.3333333333333333
24.11.2016_156._Sitzung.txt,spacy,0.5636363636363636,4,1,2,0.8,0.6666666666666666,0.7272727272727272,2,6,0,0.25,1.0,0.4
24.11.2016_156._Sitzung.txt,improved_spacy,0.5636363636363636,4,1,2,0.8,0.6666666666666666,0.7272727272727272,2,6,0,0.25,1.0,0.4
24.11.2016_156._Sitzung.txt,bert,0.4727272727272727,3,2,3,0.6,0.5,0.5454545454545454,1,2,1,0.3333333333333333,0.5,0.4
24.11.2016_156._Sitzung.txt,distilbert,0.55,3,1,3,0.75,0.5,0.6,1,1,1,0.5,0.5,0.5
25.08.2010_76._Sitzung.txt,rule_based,0.5948275862068966,10,5,4,0.6666666666666666,0.7142857142857143,0.689655172413793,2,1,3,0.6666666666666666,0.4,0.5
25.08.2010_76._Sitzung.txt,flair,0.35384615384615387,5,6,9,0.45454545454545453,0.35714285714285715,0.4,2,6,3,0.25,0.4,0.3076923076923077
25.08.2010_76._Sitzung.txt,spacy,0.3034188034188034,5,7,9,0.4166666666666667,0.35714285714285715,0.3846153846153846,2,11,3,0.15384615384615385,0.4,0.2222222222222222
25.08.2010_76._Sitzung.txt,improved_spacy,0.3034188034188034,5,7,9,0.4166666666666667,0.35714285714285715,0.3846153846153846,2,11,3,0.15384615384615385,0.4,0.2222222222222222
25.08.2010_76._Sitzung.txt,bert,0.27692307692307694,5,6,9,0.45454545454545453,0.35714285714285715,0.4,1,7,4,0.125,0.2,0.15384615384615385
25.08.2010_76._Sitzung.txt,distilbert,0.3035714285714286,5,9,9,0.35714285714285715,0.35714285714285715,0.35714285714285715,1,2,4,0.3333333333333333,0.2,0.25
26.02.2004_52._Sitzung.txt,rule_based,0.7083333333333334,12,5,3,0.7058823529411765,0.8,0.7500000000000001,2,0,2,1.0,0.5,0.6666666666666666
26.02.2004_52._Sitzung.txt,flair,0.34444444444444444,7,8,8,0.4666666666666667,0.4666666666666667,0.4666666666666667,1,4,3,0.2,0.25,0.22222222222222224
26.02.2004_52._Sitzung.txt,spacy,0.5034965034965035,9,9,6,0.5,0.6,0.5454545454545454,3,6,1,0.3333333333333333,0.75,0.46153846153846156
26.02.2004_52._Sitzung.txt,improved_spacy,0.5034965034965035,9,9,6,0.5,0.6,0.5454545454545454,3,6,1,0.3333333333333333,0.75,0.46153846153846156
26.02.2004_52._Sitzung.txt,bert,0.3992740471869329,7,7,8,0.5,0.4666666666666667,0.4827586206896552,3,12,1,0.2,0.75,0.31578947368421056
26.02.2004_52._Sitzung.txt,distilbert,0.511520737327189,7,9,8,0.4375,0.4666666666666667,0.45161290322580644,2,1,2,0.6666666666666666,0.5,0.5714285714285715
26.02.2004_53._Sitzung.txt,rule_based,0.6,1,5,3,0.16666666666666666,0.25,0.2,2,0,0,1.0,1.0,1.0
26.02.2004_53._Sitzung.txt,flair,0.0,0,5,4,0.0,0.0,0.0,0,1,2,0.0,0.0,0.0
26.02.2004_53._Sitzung.txt,spacy,0.3611111111111111,1,4,3,0.2,0.25,0.22222222222222224,2,4,0,0.3333333333333333,1.0,0.5
26.02.2004_53._Sitzung.txt,improved_spacy,0.3611111111111111,1,4,3,0.2,0.25,0.22222222222222224,2,4,0,0.3333333333333333,1.0,0.5
26.02.2004_53._Sitzung.txt,bert,0.0,0,5,4,0.0,0.0,0.0,0,1,2,0.0,0.0,0.0
26.02.2004_53._Sitzung.txt,distilbert,0.0,0,7,4,0.0,0.0,0.0,0,0,2,0.0,0.0,0.0
26.11.2015_106._Sitzung.txt,rule_based,0.5875,3,6,4,0.3333333333333333,0.42857142857142855,0.375,2,0,1,1.0,0.6666666666666666,0.8
26.11.2015_106._Sitzung.txt,flair,0.14285714285714285,2,5,5,0.2857142857142857,0.2857142857142857,0.2857142857142857,0,2,3,0.0,0.0,0.0
26.11.2015_106._Sitzung.txt,spacy,0.4375,3,6,4,0.3333333333333333,0.42857142857142855,0.375,2,3,1,0.4,0.6666666666666666,0.5
26.11.2015_106._Sitzung.txt,improved_spacy,0.4375,3,6,4,0.3333333333333333,0.42857142857142855,0.375,2,3,1,0.4,0.6666666666666666,0.5
26.11.2015_106._Sitzung.txt,bert,0.46825396825396826,5,2,2,0.7142857142857143,0.7142857142857143,0.7142857142857143,1,5,2,0.16666666666666666,0.3333333333333333,0.2222222222222222
26.11.2015_106._Sitzung.txt,distilbert,0.4019607843137255,4,6,3,0.4,0.5714285714285714,0.47058823529411764,1,2,2,0.3333333333333333,0.3333333333333333,0.3333333333333333
26.11.2020_68._Sitzung.txt,rule_based,0.6470588235294117,16,13,6,0.5517241379310345,0.7272727272727273,0.6274509803921569,2,0,2,1.0,0.5,0.6666666666666666
26.11.2020_68._Sitzung.txt,flair,0.20930232558139536,9,12,13,0.42857142857142855,0.4090909090909091,0.4186046511627907,0,4,4,0.0,0.0,0.0
26.11.2020_68._Sitzung.txt,spacy,0.33850931677018636,9,15,13,0.375,0.4090909090909091,0.3913043478260869,2,8,2,0.2,0.5,0.28571428571428575
26.11.2020_68._Sitzung.txt,improved_spacy,0.32898550724637676,9,15,13,0.375,0.4090909090909091,0.3913043478260869,2,9,2,0.18181818181818182,0.5,0.26666666666666666
26.11.2020_68._Sitzung.txt,bert,0.25,3,3,19,0.5,0.13636363636363635,0.21428571428571427,2,8,2,0.2,0.5,0.28571428571428575
26.11.2020_68._Sitzung.txt,distilbert,0.13793103448275862,4,3,18,0.5714285714285714,0.18181818181818182,0.27586206896551724,0,3,4,0.0,0.0,0.0
27.02.2019_65._Sitzung.txt,rule_based,0.21929824561403508,1,9,8,0.1,0.1111111111111111,0.10526315789473685,1,1,3,0.5,0.25,0.3333333333333333
27.02.2019_65._Sitzung.txt,flair,0.058823529411764705,1,7,8,0.125,0.1111111111111111,0.11764705882352941,0,0,4,0.0,0.0,0.0
27.02.2019_65._Sitzung.txt,spacy,0.14646464646464646,1,8,8,0.1111111111111111,0.1111111111111111,0.1111111111111111,1,6,3,0.14285714285714285,0.25,0.18181818181818182
27.02.2019_65._Sitzung.txt,improved_spacy,0.14646464646464646,1,8,8,0.1111111111111111,0.1111111111111111,0.1111111111111111,1,6,3,0.14285714285714285,0.25,0.18181818181818182
27.02.2019_65._Sitzung.txt,bert,0.0,0,9,9,0.0,0.0,0.0,0,1,4,0.0,0.0,0.0
27.02.2019_65._Sitzung.txt,distilbert,0.058823529411764705,1,7,8,0.125,0.1111111111111111,0.11764705882352941,0,4,4,0.0,0.0,0.0
27.04.2000_21._Sitzung.txt,rule_based,0.33333333333333337,10,11,14,0.47619047619047616,0.4166666666666667,0.4444444444444445,1,1,6,0.5,0.14285714285714285,0.22222222222222224
27.04.2000_21._Sitzung.txt,flair,0.17635658914728683,4,15,20,0.21052631578947367,0.16666666666666666,0.186046511627907,1,4,6,0.2,0.14285714285714285,0.16666666666666666
27.04.2000_21._Sitzung.txt,spacy,0.2547008547008547,8,13,16,0.38095238095238093,0.3333333333333333,0.35555555555555557,1,5,6,0.16666666666666666,0.14285714285714285,0.15384615384615383
27.04.2000_21._Sitzung.txt,improved_spacy,0.3206349206349206,8,13,16,0.38095238095238093,0.3333333333333333,0.35555555555555557,2,5,5,0.2857142857142857,0.2857142857142857,0.2857142857142857
27.04.2000_21._Sitzung.txt,bert,0.25140712945590993,4,13,20,0.23529411764705882,0.16666666666666666,0.19512195121951217,2,4,5,0.3333333333333333,0.2857142857142857,0.30769230769230765
27.04.2000_21._Sitzung.txt,distilbert,0.25,3,17,21,0.15,0.125,0.13636363636363635,2,2,5,0.5,0.2857142857142857,0.36363636363636365
27.04.2005_108._Sitzung.txt,rule_based,0.6190476190476191,10,6,4,0.625,0.7142857142857143,0.6666666666666666,2,0,3,1.0,0.4,0.5714285714285715
27.04.2005_108._Sitzung.txt,flair,0.21111111111111114,3,10,11,0.23076923076923078,0.21428571428571427,0.22222222222222224,1,4,4,0.2,0.2,0.20000000000000004
27.04.2005_108._Sitzung.txt,spacy,0.4208333333333333,7,9,7,0.4375,0.5,0.4666666666666667,3,8,2,0.2727272727272727,0.6,0.37499999999999994
27.04.2005_108._Sitzung.txt,improved_spacy,0.4208333333333333,7,9,7,0.4375,0.5,0.4666666666666667,3,8,2,0.2727272727272727,0.6,0.37499999999999994
27.04.2005_108._Sitzung.txt,bert,0.2294372294372294,1,6,13,0.14285714285714285,0.07142857142857142,0.09523809523809523,2,4,3,0.3333333333333333,0.4,0.3636363636363636
27.04.2005_108._Sitzung.txt,distilbert,0.24761904761904766,1,6,13,0.14285714285714285,0.07142857142857142,0.09523809523809523,2,3,3,0.4,0.4,0.4000000000000001
27.04.2006_147._Sitzung.txt,rule_based,0.21515151515151515,1,12,16,0.07692307692307693,0.058823529411764705,0.06666666666666667,2,1,6,0.6666666666666666,0.25,0.36363636363636365
27.04.2006_147._Sitzung.txt,flair,0.0625,0,10,17,0.0,0.0,0.0,1,7,7,0.125,0.125,0.125
27.04.2006_147._Sitzung.txt,spacy,0.15625,1,14,16,0.06666666666666667,0.058823529411764705,0.0625,2,6,6,0.25,0.25,0.25
27.04.2006_147._Sitzung.txt,improved_spacy,0.15625,1,14,16,0.06666666666666667,0.058823529411764705,0.0625,2,6,6,0.25,0.25,0.25
27.04.2006_147._Sitzung.txt,bert,0.15384615384615385,0,7,17,0.0,0.0,0.0,2,3,6,0.4,0.25,0.3076923076923077
27.04.2006_147._Sitzung.txt,distilbert,0.14285714285714288,0,10,17,0.0,0.0,0.0,2,4,6,0.3333333333333333,0.25,0.28571428571428575
27.05.2004_63._Sitzung.txt,rule_based,0.5151515151515151,9,5,4,0.6428571428571429,0.6923076923076923,0.6666666666666666,2,0,7,1.0,0.2222222222222222,0.3636363636363636
27.05.2004_63._Sitzung.txt,flair,0.36111111111111116,2,9,11,0.18181818181818182,0.15384615384615385,0.16666666666666669,5,4,4,0.5555555555555556,0.5555555555555556,0.5555555555555556
27.05.2004_63._Sitzung.txt,spacy,0.36038961038961037,5,10,8,0.3333333333333333,0.38461538461538464,0.3571428571428571,4,9,5,0.3076923076923077,0.4444444444444444,0.3636363636363637
27.05.2004_63._Sitzung.txt,improved_spacy,0.36038961038961037,5,10,8,0.3333333333333333,0.38461538461538464,0.3571428571428571,4,9,5,0.3076923076923077,0.4444444444444444,0.3636363636363637
27.05.2004_63._Sitzung.txt,bert,0.2916666666666667,2,9,11,0.18181818181818182,0.15384615384615385,0.16666666666666669,5,10,4,0.3333333333333333,0.5555555555555556,0.4166666666666667
27.05.2004_63._Sitzung.txt,distilbert,0.21212121212121213,1,8,12,0.1111111111111111,0.07692307692307693,0.09090909090909093,3,6,6,0.3333333333333333,0.3333333333333333,0.3333333333333333
27.06.2013_212._Sitzung.txt,rule_based,0.7289473684210527,25,15,11,0.625,0.6944444444444444,0.6578947368421053,2,0,1,1.0,0.6666666666666666,0.8
27.06.2013_212._Sitzung.txt,flair,0.3571428571428572,20,14,16,0.5882352941176471,0.5555555555555556,0.5714285714285715,1,10,2,0.09090909090909091,0.3333333333333333,0.14285714285714288
27.06.2013_212._Sitzung.txt,spacy,0.4363636363636363,20,10,16,0.6666666666666666,0.5555555555555556,0.606060606060606,2,10,1,0.16666666666666666,0.6666666666666666,0.26666666666666666
27.06.2013_212._Sitzung.txt,improved_spacy,0.4363636363636363,20,10,16,0.6666666666666666,0.5555555555555556,0.606060606060606,2,10,1,0.16666666666666666,0.6666666666666666,0.26666666666666666
27.06.2013_212._Sitzung.txt,bert,0.36969696969696964,20,10,16,0.6666666666666666,0.5555555555555556,0.606060606060606,1,11,2,0.08333333333333333,0.3333333333333333,0.13333333333333333
27.06.2013_212._Sitzung.txt,distilbert,0.24615384615384614,16,13,20,0.5517241379310345,0.4444444444444444,0.4923076923076923,0,4,3,0.0,0.0,0.0
28.02.2002_96._Sitzung.txt,rule_based,0.6432432432432433,9,10,9,0.47368421052631576,0.5,0.4864864864864865,2,0,1,1.0,0.6666666666666666,0.8
28.02.2002_96._Sitzung.txt,flair,0.05714285714285714,2,15,16,0.11764705882352941,0.1111111111111111,0.11428571428571428,0,6,3,0.0,0.0,0.0
28.02.2002_96._Sitzung.txt,spacy,0.3764705882352941,6,10,12,0.375,0.3333333333333333,0.35294117647058826,2,5,1,0.2857142857142857,0.6666666666666666,0.4
28.02.2002_96._Sitzung.txt,improved_spacy,0.3764705882352941,6,10,12,0.375,0.3333333333333333,0.35294117647058826,2,5,1,0.2857142857142857,0.6666666666666666,0.4
28.02.2002_96._Sitzung.txt,bert,0.3141025641025641,3,15,15,0.16666666666666666,0.16666666666666666,0.16666666666666666,3,7,0,0.3,1.0,0.4615384615384615
28.02.2002_96._Sitzung.txt,distilbert,0.4242424242424242,3,12,15,0.2,0.16666666666666666,0.1818181818181818,2,1,1,0.6666666666666666,0.6666666666666666,0.6666666666666666
28.06.2004_70._Sitzung.txt,rule_based,0.625,12,5,3,0.7058823529411765,0.8,0.7500000000000001,3,0,6,1.0,0.3333333333333333,0.5
28.06.2004_70._Sitzung.txt,flair,0.4484848484848485,8,7,7,0.5333333333333333,0.5333333333333333,0.5333333333333333,2,0,7,1.0,0.2222222222222222,0.3636363636363636
28.06.2004_70._Sitzung.txt,spacy,0.5591133004926108,10,4,5,0.7142857142857143,0.6666666666666666,0.689655172413793,3,2,6,0.6,0.3333333333333333,0.42857142857142855
28.06.2004_70._Sitzung.txt,improved_spacy,0.6114942528735632,10,4,5,0.7142857142857143,0.6666666666666666,0.689655172413793,4,2,5,0.6666666666666666,0.4444444444444444,0.5333333333333333
28.06.2004_70._Sitzung.txt,bert,0.3205128205128205,4,5,11,0.4444444444444444,0.26666666666666666,0.33333333333333337,2,2,7,0.5,0.2222222222222222,0.30769230769230765
28.06.2004_70._Sitzung.txt,distilbert,0.16666666666666669,4,5,11,0.4444444444444444,0.26666666666666666,0.33333333333333337,0,6,9,0.0,0.0,0.0
28.09.2005_123._Sitzung.txt,rule_based,0.8761904761904762,10,0,1,1.0,0.9090909090909091,0.9523809523809523,2,0,1,1.0,0.6666666666666666,0.8
28.09.2005_123._Sitzung.txt,flair,0.23809523809523808,5,5,6,0.5,0.45454545454545453,0.47619047619047616,0,1,3,0.0,0.0,0.0
28.09.2005_123._Sitzung.txt,spacy,0.44999999999999996,6,7,5,0.46153846153846156,0.5454545454545454,0.4999999999999999,2,5,1,0.2857142857142857,0.6666666666666666,0.4
28.09.2005_123._Sitzung.txt,improved_spacy,0.44999999999999996,6,7,5,0.46153846153846156,0.5454545454545454,0.4999999999999999,2,5,1,0.2857142857142857,0.6666666666666666,0.4
28.09.2005_123._Sitzung.txt,bert,0.5606060606060606,5,6,6,0.45454545454545453,0.45454545454545453,0.45454545454545453,2,1,1,0.6666666666666666,0.6666666666666666,0.6666666666666666
28.09.2005_123._Sitzung.txt,distilbert,0.14285714285714282,3,7,8,0.3,0.2727272727272727,0.28571428571428564,0,2,3,0.0,0.0,0.0
28.10.2008_2._Sitzung.txt,rule_based,0.91005291005291,13,1,0,0.9285714285714286,1.0,0.962962962962963,3,0,1,1.0,0.75,0.8571428571428571
28.10.2008_2._Sitzung.txt,flair,0.2692307692307692,7,6,6,0.5384615384615384,0.5384615384615384,0.5384615384615384,0,0,4,0.0,0.0,0.0
28.10.2008_2._Sitzung.txt,spacy,0.5571428571428572,10,5,3,0.6666666666666666,0.7692307692307693,0.7142857142857142,2,4,2,0.3333333333333333,0.5,0.4
28.10.2008_2._Sitzung.txt,improved_spacy,0.5571428571428572,10,5,3,0.6666666666666666,0.7692307692307693,0.7142857142857142,2,4,2,0.3333333333333333,0.5,0.4
28.10.2008_2._Sitzung.txt,bert,0.3888888888888889,6,8,7,0.42857142857142855,0.46153846153846156,0.4444444444444445,2,6,2,0.25,0.5,0.3333333333333333
28.10.2008_2._Sitzung.txt,distilbert,0.25,7,8,6,0.4666666666666667,0.5384615384615384,0.5,0,6,4,0.0,0.0,0.0
28.10.2011_129._Sitzung.txt,rule_based,0.638095238095238,10,12,10,0.45454545454545453,0.5,0.47619047619047616,2,0,1,1.0,0.6666666666666666,0.8
28.10.2011_129._Sitzung.txt,flair,0.20512820512820512,8,11,12,0.42105263157894735,0.4,0.41025641025641024,0,1,3,0.0,0.0,0.0
28.10.2011_129._Sitzung.txt,spacy,0.5061425061425061,12,5,8,0.7058823529411765,0.6,0.6486486486486486,2,6,1,0.25,0.6666666666666666,0.36363636363636365
28.10.2011_129._Sitzung.txt,improved_spacy,0.5061425061425061,12,5,8,0.7058823529411765,0.6,0.6486486486486486,2,6,1,0.25,0.6666666666666666,0.36363636363636365
28.10.2011_129._Sitzung.txt,bert,0.4761904761904763,8,14,12,0.36363636363636365,0.4,0.380952380952381,2,2,1,0.5,0.6666666666666666,0.5714285714285715
28.10.2011_129._Sitzung.txt,distilbert,0.3382352941176471,3,11,17,0.21428571428571427,0.15,0.1764705882352941,2,3,1,0.4,0.6666666666666666,0.5
29.01.2004_47._Sitzung.txt,rule_based,0.7333333333333333,18,3,6,0.8571428571428571,0.75,0.7999999999999999,2,0,2,1.0,0.5,0.6666666666666666
29.01.2004_47._Sitzung.txt,flair,0.16279069767441862,7,12,17,0.3684210526315789,0.2916666666666667,0.32558139534883723,0,8,4,0.0,0.0,0.0
29.01.2004_47._Sitzung.txt,spacy,0.4317897371714643,12,11,12,0.5217391304347826,0.5,0.5106382978723404,3,10,1,0.23076923076923078,0.75,0.3529411764705882
29.01.2004_47._Sitzung.txt,improved_spacy,0.4317897371714643,12,11,12,0.5217391304347826,0.5,0.5106382978723404,3,10,1,0.23076923076923078,0.75,0.3529411764705882
29.01.2004_47._Sitzung.txt,bert,0.28898128898128894,5,8,19,0.38461538461538464,0.20833333333333334,0.2702702702702703,2,7,2,0.2222222222222222,0.5,0.30769230769230765
29.01.2004_47._Sitzung.txt,distilbert,0.05405405405405406,2,11,22,0.15384615384615385,0.08333333333333333,0.10810810810810811,0,2,4,0.0,0.0,0.0
29.03.2012_151._Sitzung.txt,rule_based,0.1645962732919255,1,22,22,0.043478260869565216,0.043478260869565216,0.043478260869565216,1,1,4,0.5,0.2,0.28571428571428575
29.03.2012_151._Sitzung.txt,flair,0.0,0,19,23,0.0,0.0,0.0,0,5,5,0.0,0.0,0.0
29.03.2012_151._Sitzung.txt,spacy,0.06250000000000001,0,20,23,0.0,0.0,0.0,1,10,4,0.09090909090909091,0.2,0.12500000000000003
29.03.2012_151._Sitzung.txt,improved_spacy,0.06250000000000001,0,20,23,0.0,0.0,0.0,1,10,4,0.09090909090909091,0.2,0.12500000000000003
29.03.2012_151._Sitzung.txt,bert,0.0,0,12,23,0.0,0.0,0.0,0,5,5,0.0,0.0,0.0
29.03.2012_151._Sitzung.txt,distilbert,0.0,0,13,23,0.0,0.0,0.0,0,4,5,0.0,0.0,0.0
29.05.2009_25._Sitzung.txt,rule_based,0.7727272727272727,3,2,3,0.6,0.5,0.5454545454545454,2,0,0,1.0,1.0,1.0
29.05.2009_25._Sitzung.txt,flair,0.25,3,3,3,0.5,0.5,0.5,0,1,2,0.0,0.0,0.0
29.05.2009_25._Sitzung.txt,spacy,0.5,2,4,4,0.3333333333333333,0.3333333333333333,0.3333333333333333,2,2,0,0.5,1.0,0.6666666666666666
29.05.2009_25._Sitzung.txt,improved_spacy,0.5,2,4,4,0.3333333333333333,0.3333333333333333,0.3333333333333333,2,2,0,0.5,1.0,0.6666666666666666
29.05.2009_25._Sitzung.txt,bert,0.4307692307692308,3,4,3,0.42857142857142855,0.5,0.4615384615384615,1,2,1,0.3333333333333333,0.5,0.4
29.05.2009_25._Sitzung.txt,distilbert,0.47619047619047616,2,6,4,0.25,0.3333333333333333,0.28571428571428575,1,0,1,1.0,0.5,0.6666666666666666
29.06.2017_191._Sitzung.txt,rule_based,0.3253588516746411,2,14,20,0.125,0.09090909090909091,0.10526315789473685,3,1,4,0.75,0.42857142857142855,0.5454545454545454
29.06.2017_191._Sitzung.txt,flair,0.10818713450292397,2,14,20,0.125,0.09090909090909091,0.10526315789473685,1,10,6,0.09090909090909091,0.14285714285714285,0.1111111111111111
29.06.2017_191._Sitzung.txt,spacy,0.1676470588235294,2,16,20,0.1111111111111111,0.09090909090909091,0.09999999999999999,2,8,5,0.2,0.2857142857142857,0.23529411764705882
29.06.2017_191._Sitzung.txt,improved_spacy,0.21666666666666662,2,16,20,0.1111111111111111,0.09090909090909091,0.09999999999999999,3,8,4,0.2727272727272727,0.42857142857142855,0.33333333333333326
29.06.2017_191._Sitzung.txt,bert,0.030303030303030307,1,10,21,0.09090909090909091,0.045454545454545456,0.060606060606060615,0,5,7,0.0,0.0,0.0
29.06.2017_191._Sitzung.txt,distilbert,0.1722689075630252,1,11,21,0.08333333333333333,0.045454545454545456,0.05882352941176471,2,5,5,0.2857142857142857,0.2857142857142857,0.2857142857142857
29.10.2013_2._Sitzung.txt,rule_based,0.2833333333333333,1,4,6,0.2,0.14285714285714285,0.16666666666666666,1,1,2,0.5,0.3333333333333333,0.4
29.10.2013_2._Sitzung.txt,flair,0.09090909090909091,1,3,6,0.25,0.14285714285714285,0.18181818181818182,0,2,3,0.0,0.0,0.0
29.10.2013_2._Sitzung.txt,spacy,0.16666666666666666,1,4,6,0.2,0.14285714285714285,0.16666666666666666,1,8,2,0.1111111111111111,0.3333333333333333,0.16666666666666666
29.10.2013_2._Sitzung.txt,improved_spacy,0.16666666666666666,1,4,6,0.2,0.14285714285714285,0.16666666666666666,1,8,2,0.1111111111111111,0.3333333333333333,0.16666666666666666
29.10.2013_2._Sitzung.txt,bert,0.1678321678321678,1,5,6,0.16666666666666666,0.14285714285714285,0.15384615384615383,1,7,2,0.125,0.3333333333333333,0.18181818181818182
29.10.2013_2._Sitzung.txt,distilbert,0.06666666666666667,1,7,6,0.125,0.14285714285714285,0.13333333333333333,0,3,3,0.0,0.0,0.0
30.01.2019_62._Sitzung.txt,rule_based,0.5428571428571429,3,10,5,0.23076923076923078,0.375,0.2857142857142857,2,0,1,1.0,0.6666666666666666,0.8
30.01.2019_62._Sitzung.txt,flair,0.3125,5,3,3,0.625,0.625,0.625,0,1,3,0.0,0.0,0.0
30.01.2019_62._Sitzung.txt,spacy,0.6,6,1,2,0.8571428571428571,0.75,0.7999999999999999,2,5,1,0.2857142857142857,0.6666666666666666,0.4
30.01.2019_62._Sitzung.txt,improved_spacy,0.6,6,1,2,0.8571428571428571,0.75,0.7999999999999999,2,5,1,0.2857142857142857,0.6666666666666666,0.4
30.01.2019_62._Sitzung.txt,bert,0.3928571428571429,4,4,4,0.5,0.5,0.5,1,3,2,0.25,0.3333333333333333,0.28571428571428575
30.01.2019_62._Sitzung.txt,distilbert,0.25,4,4,4,0.5,0.5,0.5,0,6,3,0.0,0.0,0.0
30.03.2007_19._Sitzung.txt,rule_based,0.7619047619047619,10,7,3,0.5882352941176471,0.7692307692307693,0.6666666666666667,3,0,1,1.0,0.75,0.8571428571428571
30.03.2007_19._Sitzung.txt,flair,0.358974358974359,5,8,8,0.38461538461538464,0.38461538461538464,0.38461538461538464,1,1,3,0.5,0.25,0.3333333333333333
30.03.2007_19._Sitzung.txt,spacy,0.5307692307692307,9,8,4,0.5294117647058824,0.6923076923076923,0.5999999999999999,3,6,1,0.3333333333333333,0.75,0.46153846153846156
30.03.2007_19._Sitzung.txt,improved_spacy,0.5142857142857142,9,8,4,0.5294117647058824,0.6923076923076923,0.5999999999999999,3,7,1,0.3,0.75,0.4285714285714285
30.03.2007_19._Sitzung.txt,bert,0.5507246376811594,5,5,8,0.5,0.38461538461538464,0.4347826086956522,3,2,1,0.6,0.75,0.6666666666666665
30.03.2007_19._Sitzung.txt,distilbert,0.38888888888888895,4,7,9,0.36363636363636365,0.3076923076923077,0.33333333333333337,2,3,2,0.4,0.5,0.4444444444444445
30.04.2014_24._Sitzung.txt,rule_based,0.8793103448275862,11,5,2,0.6875,0.8461538461538461,0.7586206896551724,2,0,0,1.0,1.0,1.0
30.04.2014_24._Sitzung.txt,flair,0.3333333333333333,9,5,4,0.6428571428571429,0.6923076923076923,0.6666666666666666,0,0,2,0.0,0.0,0.0
30.04.2014_24._Sitzung.txt,spacy,0.6293103448275862,11,5,2,0.6875,0.8461538461538461,0.7586206896551724,2,4,0,0.3333333333333333,1.0,0.5
30.04.2014_24._Sitzung.txt,improved_spacy,0.6293103448275862,11,5,2,0.6875,0.8461538461538461,0.7586206896551724,2,4,0,0.3333333333333333,1.0,0.5
30.04.2014_24._Sitzung.txt,bert,0.22222222222222224,6,8,7,0.42857142857142855,0.46153846153846156,0.4444444444444445,0,5,2,0.0,0.0,0.0
30.04.2014_24._Sitzung.txt,distilbert,0.21428571428571427,6,9,7,0.4,0.46153846153846156,0.42857142857142855,0,2,2,0.0,0.0,0.0
30.09.2011_121._Sitzung.txt,rule_based,0.7790697674418605,12,12,7,0.5,0.631578947368421,0.5581395348837209,2,0,0,1.0,1.0,1.0
30.09.2011_121._Sitzung.txt,flair,0.21052631578947367,8,11,11,0.42105263157894735,0.42105263157894735,0.42105263157894735,0,2,2,0.0,0.0,0.0
30.09.2011_121._Sitzung.txt,spacy,0.5555555555555556,13,7,6,0.65,0.6842105263157895,0.6666666666666667,2,5,0,0.2857142857142857,1.0,0.4444444444444445
30.09.2011_121._Sitzung.txt,improved_spacy,0.5555555555555556,13,7,6,0.65,0.6842105263157895,0.6666666666666667,2,5,0,0.2857142857142857,1.0,0.4444444444444445
30.09.2011_121._Sitzung.txt,bert,0.5057471264367817,5,5,14,0.5,0.2631578947368421,0.3448275862068966,2,2,0,0.5,1.0,0.6666666666666666
30.09.2011_121._Sitzung.txt,distilbert,0.24242424242424243,8,6,11,0.5714285714285714,0.42105263157894735,0.48484848484848486,0,3,2,0.0,0.0,0.0
31.01.2002_93._Sitzung.txt,rule_based,0.8324324324324325,16,3,2,0.8421052631578947,0.8888888888888888,0.8648648648648649,2,0,1,1.0,0.6666666666666666,0.8
31.01.2002_93._Sitzung.txt,flair,0.19444444444444445,7,11,11,0.3888888888888889,0.3888888888888889,0.3888888888888889,0,5,3,0.0,0.0,0.0
31.01.2002_93._Sitzung.txt,spacy,0.438961038961039,9,8,9,0.5294117647058824,0.5,0.5142857142857143,2,6,1,0.25,0.6666666666666666,0.36363636363636365
31.01.2002_93._Sitzung.txt,improved_spacy,0.438961038961039,9,8,9,0.5294117647058824,0.5,0.5142857142857143,2,6,1,0.25,0.6666666666666666,0.36363636363636365
31.01.2002_93._Sitzung.txt,bert,0.5128205128205128,7,14,11,0.3333333333333333,0.3888888888888889,0.358974358974359,3,3,0,0.5,1.0,0.6666666666666666
31.01.2002_93._Sitzung.txt,distilbert,0.4652014652014652,7,14,11,0.3333333333333333,0.3888888888888889,0.358974358974359,2,2,1,0.5,0.6666666666666666,0.5714285714285715
31.01.2008_48._Sitzung.txt,rule_based,0.9418604651162791,19,3,2,0.8636363636363636,0.9047619047619048,0.8837209302325582,2,0,0,1.0,1.0,1.0
31.01.2008_48._Sitzung.txt,flair,0.24390243902439024,10,10,11,0.5,0.47619047619047616,0.4878048780487805,0,5,2,0.0,0.0,0.0
31.01.2008_48._Sitzung.txt,spacy,0.540909090909091,15,8,6,0.6521739130434783,0.7142857142857143,0.6818181818181819,2,6,0,0.25,1.0,0.4
31.01.2008_48._Sitzung.txt,improved_spacy,0.540909090909091,15,8,6,0.6521739130434783,0.7142857142857143,0.6818181818181819,2,6,0,0.25,1.0,0.4
31.01.2008_48._Sitzung.txt,bert,0.18823529411764706,3,10,18,0.23076923076923078,0.14285714285714285,0.17647058823529413,1,7,1,0.125,0.5,0.2
31.01.2008_48._Sitzung.txt,distilbert,0.2549019607843137,3,10,18,0.23076923076923078,0.14285714285714285,0.17647058823529413,1,3,1,0.25,0.5,0.3333333333333333
31.03.2005_100._Sitzung.txt,rule_based,0.8375000000000001,7,0,2,1.0,0.7777777777777778,0.8750000000000001,2,0,1,1.0,0.6666666666666666,0.8
31.03.2005_100._Sitzung.txt,flair,0.125,2,5,7,0.2857142857142857,0.2222222222222222,0.25,0,2,3,0.0,0.0,0.0
31.03.2005_100._Sitzung.txt,spacy,0.5,5,4,4,0.5555555555555556,0.5555555555555556,0.5555555555555556,2,4,1,0.3333333333333333,0.6666666666666666,0.4444444444444444
31.03.2005_100._Sitzung.txt,improved_spacy,0.5,5,4,4,0.5555555555555556,0.5555555555555556,0.5555555555555556,2,4,1,0.3333333333333333,0.6666666666666666,0.4444444444444444
31.03.2005_100._Sitzung.txt,bert,0.3,2,4,7,0.3333333333333333,0.2222222222222222,0.26666666666666666,1,2,2,0.3333333333333333,0.3333333333333333,0.3333333333333333
31.03.2005_100._Sitzung.txt,distilbert,0.11764705882352941,2,6,7,0.25,0.2222222222222222,0.23529411764705882,0,3,3,0.0,0.0,0.0
"Plenarprotokoll_1007._Sitzung,_10.09.2021.txt",rule_based,0.1341743119266055,1,48,59,0.02040816326530612,0.016666666666666666,0.01834862385321101,4,1,23,0.8,0.14814814814814814,0.25
"Plenarprotokoll_1007._Sitzung,_10.09.2021.txt",flair,0.5897287102857971,37,16,23,0.6981132075471698,0.6166666666666667,0.6548672566371682,16,18,11,0.47058823529411764,0.5925925925925926,0.5245901639344261
"Plenarprotokoll_1007._Sitzung,_10.09.2021.txt",spacy,0.47252252252252247,34,26,26,0.5666666666666667,0.5666666666666667,0.5666666666666667,14,33,13,0.2978723404255319,0.5185185185185185,0.37837837837837834
"Plenarprotokoll_1007._Sitzung,_10.09.2021.txt",improved_spacy,0.493859649122807,34,26,26,0.5666666666666667,0.5666666666666667,0.5666666666666667,16,33,11,0.32653061224489793,0.5925925925925926,0.42105263157894735
"Plenarprotokoll_1007._Sitzung,_10.09.2021.txt",bert,0.5872319688109162,35,13,25,0.7291666666666666,0.5833333333333334,0.6481481481481481,15,15,12,0.5,0.5555555555555556,0.5263157894736842
"Plenarprotokoll_1007._Sitzung,_10.09.2021.txt",distilbert,0.5656579487881692,34,15,26,0.6938775510204082,0.5666666666666667,0.6238532110091742,17,23,10,0.425,0.6296296296296297,0.5074626865671642
"Plenarprotokoll_779._Sitzung,_13.09.2002.txt",rule_based,0.09854267869535045,1,54,75,0.01818181818181818,0.013157894736842105,0.015267175572519083,4,1,35,0.8,0.10256410256410256,0.18181818181818182
"Plenarprotokoll_779._Sitzung,_13.09.2002.txt",flair,0.2323529411764706,18,42,58,0.3,0.23684210526315788,0.2647058823529412,7,24,32,0.22580645161290322,0.1794871794871795,0.2
"Plenarprotokoll_779._Sitzung,_13.09.2002.txt",spacy,0.2070252842355337,14,52,62,0.21212121212121213,0.18421052631578946,0.1971830985915493,9,35,30,0.20454545454545456,0.23076923076923078,0.2168674698795181
"Plenarprotokoll_779._Sitzung,_13.09.2002.txt",improved_spacy,0.228003314001657,14,52,62,0.21212121212121213,0.18421052631578946,0.1971830985915493,11,35,28,0.2391304347826087,0.28205128205128205,0.2588235294117647
"Plenarprotokoll_779._Sitzung,_13.09.2002.txt",bert,0.2186958504331965,10,43,66,0.18867924528301888,0.13157894736842105,0.15503875968992245,12,34,27,0.2608695652173913,0.3076923076923077,0.2823529411764706
"Plenarprotokoll_779._Sitzung,_13.09.2002.txt",distilbert,0.16268166901078296,10,49,66,0.1694915254237288,0.13157894736842105,0.14814814814814817,7,33,32,0.175,0.1794871794871795,0.17721518987341775
"Plenarprotokoll_801._Sitzung,_01.07.2004.txt",rule_based,0.20025979649274733,1,64,83,0.015384615384615385,0.011904761904761904,0.013422818791946308,6,3,16,0.6666666666666666,0.2727272727272727,0.3870967741935484
"Plenarprotokoll_801._Sitzung,_01.07.2004.txt",flair,0.515068493150685,46,16,38,0.7419354838709677,0.5476190476190477,0.6301369863013699,10,18,12,0.35714285714285715,0.45454545454545453,0.4
"Plenarprotokoll_801._Sitzung,_01.07.2004.txt",spacy,0.4624183006535948,46,23,38,0.6666666666666666,0.5476190476190477,0.6013071895424836,11,35,11,0.2391304347826087,0.5,0.3235294117647059
"Plenarprotokoll_801._Sitzung,_01.07.2004.txt",improved_spacy,0.4863678804855275,46,23,38,0.6666666666666666,0.5476190476190477,0.6013071895424836,13,35,9,0.2708333333333333,0.5909090909090909,0.3714285714285714
"Plenarprotokoll_801._Sitzung,_01.07.2004.txt",bert,0.43201754385964913,39,29,45,0.5735294117647058,0.4642857142857143,0.5131578947368421,10,25,12,0.2857142857142857,0.45454545454545453,0.3508771929824561
"Plenarprotokoll_801._Sitzung,_01.07.2004.txt",distilbert,0.3676531456953642,39,28,45,0.582089552238806,0.4642857142857143,0.5165562913907285,7,35,15,0.16666666666666666,0.3181818181818182,0.21874999999999997
"Plenarprotokoll_815._Sitzung,_14.10.2005.txt",rule_based,0.23300000000000004,1,49,74,0.02,0.013333333333333334,0.016,9,1,21,0.9,0.3,0.45000000000000007
"Plenarprotokoll_815._Sitzung,_14.10.2005.txt",flair,0.5265306122448979,48,24,27,0.6666666666666666,0.64,0.6530612244897959,15,30,15,0.3333333333333333,0.5,0.4
"Plenarprotokoll_815._Sitzung,_14.10.2005.txt",spacy,0.46343373922950937,44,32,31,0.5789473684210527,0.5866666666666667,0.5827814569536424,16,47,14,0.25396825396825395,0.5333333333333333,0.3440860215053763
"Plenarprotokoll_815._Sitzung,_14.10.2005.txt",improved_spacy,0.47033809689787387,44,32,31,0.5789473684210527,0.5866666666666667,0.5827814569536424,17,48,13,0.26153846153846155,0.5666666666666667,0.3578947368421053
"Plenarprotokoll_815._Sitzung,_14.10.2005.txt",bert,0.3593607305936073,33,38,42,0.4647887323943662,0.44,0.4520547945205479,12,48,18,0.2,0.4,0.26666666666666666
"Plenarprotokoll_815._Sitzung,_14.10.2005.txt",distilbert,0.33006535947712423,32,37,43,0.463768115942029,0.4266666666666667,0.4444444444444445,11,61,19,0.1527777777777778,0.36666666666666664,0.21568627450980393
"Plenarprotokoll_816._Sitzung,_04.11.2005.txt",rule_based,0.19209558823529413,2,54,70,0.03571428571428571,0.027777777777777776,0.03125,9,2,31,0.8181818181818182,0.225,0.35294117647058826
"Plenarprotokoll_816._Sitzung,_04.11.2005.txt",flair,0.5214154257988958,45,22,27,0.6716417910447762,0.625,0.6474820143884893,17,29,23,0.3695652173913043,0.425,0.3953488372093023
"Plenarprotokoll_816._Sitzung,_04.11.2005.txt",spacy,0.5113871635610766,41,25,31,0.6212121212121212,0.5694444444444444,0.5942028985507246,21,37,19,0.3620689655172414,0.525,0.42857142857142855
"Plenarprotokoll_816._Sitzung,_04.11.2005.txt",improved_spacy,0.5193236714975845,41,25,31,0.6212121212121212,0.5694444444444444,0.5942028985507246,22,37,18,0.3728813559322034,0.55,0.4444444444444445
"Plenarprotokoll_816._Sitzung,_04.11.2005.txt",bert,0.4498663101604279,38,26,34,0.59375,0.5277777777777778,0.5588235294117648,15,33,25,0.3125,0.375,0.3409090909090909
"Plenarprotokoll_816._Sitzung,_04.11.2005.txt",distilbert,0.43254702436016035,38,31,34,0.5507246376811594,0.5277777777777778,0.5390070921985816,15,37,25,0.28846153846153844,0.375,0.32608695652173914
"Plenarprotokoll_817._Sitzung,_25.11.2005.txt",rule_based,0.1447535915621022,2,47,66,0.04081632653061224,0.029411764705882353,0.034188034188034185,6,3,32,0.6666666666666666,0.15789473684210525,0.25531914893617025
"Plenarprotokoll_817._Sitzung,_25.11.2005.txt",flair,0.4815164250793379,41,22,27,0.6507936507936508,0.6029411764705882,0.6259541984732825,15,36,23,0.29411764705882354,0.39473684210526316,0.3370786516853933
"Plenarprotokoll_817._Sitzung,_25.11.2005.txt",spacy,0.460737812911726,41,29,27,0.5857142857142857,0.6029411764705882,0.5942028985507247,18,54,20,0.25,0.47368421052631576,0.32727272727272727
"Plenarprotokoll_817._Sitzung,_25.11.2005.txt",improved_spacy,0.4652430421957163,41,29,27,0.5857142857142857,0.6029411764705882,0.5942028985507247,19,56,19,0.25333333333333335,0.5,0.33628318584070793
"Plenarprotokoll_817._Sitzung,_25.11.2005.txt",bert,0.4294138798993168,37,30,31,0.5522388059701493,0.5441176470588235,0.5481481481481482,16,49,22,0.24615384615384617,0.42105263157894735,0.3106796116504854
"Plenarprotokoll_817._Sitzung,_25.11.2005.txt",distilbert,0.4275657071339174,35,33,33,0.5147058823529411,0.5147058823529411,0.5147058823529411,16,40,22,0.2857142857142857,0.42105263157894735,0.3404255319148936
"Plenarprotokoll_862._Sitzung,_16.10.2009.txt",rule_based,0.15151515151515152,0,52,98,0.0,0.0,0.0,5,0,23,1.0,0.17857142857142858,0.30303030303030304
"Plenarprotokoll_862._Sitzung,_16.10.2009.txt",flair,0.2384886538885217,25,55,73,0.3125,0.25510204081632654,0.2808988764044944,5,18,23,0.21739130434782608,0.17857142857142858,0.19607843137254902
"Plenarprotokoll_862._Sitzung,_16.10.2009.txt",spacy,0.22849162011173185,23,58,75,0.2839506172839506,0.23469387755102042,0.2569832402234637,8,44,20,0.15384615384615385,0.2857142857142857,0.2
"Plenarprotokoll_862._Sitzung,_16.10.2009.txt",improved_spacy,0.250442839623927,23,58,75,0.2839506172839506,0.23469387755102042,0.2569832402234637,10,44,18,0.18518518518518517,0.35714285714285715,0.24390243902439024
"Plenarprotokoll_862._Sitzung,_16.10.2009.txt",bert,0.1940024479804162,13,61,85,0.17567567567567569,0.1326530612244898,0.15116279069767444,9,39,19,0.1875,0.32142857142857145,0.23684210526315794
"Plenarprotokoll_862._Sitzung,_16.10.2009.txt",distilbert,0.18545454545454546,12,65,86,0.15584415584415584,0.12244897959183673,0.13714285714285715,9,40,19,0.1836734693877551,0.32142857142857145,0.23376623376623376
"Plenarprotokoll_870._Sitzung,_21.05.2010.txt",rule_based,0.17253774263120056,2,44,59,0.043478260869565216,0.03278688524590164,0.037383177570093455,6,1,26,0.8571428571428571,0.1875,0.30769230769230765
"Plenarprotokoll_870._Sitzung,_21.05.2010.txt",flair,0.4825021872265967,26,40,35,0.3939393939393939,0.4262295081967213,0.40944881889763785,20,20,12,0.5,0.625,0.5555555555555556
"Plenarprotokoll_870._Sitzung,_21.05.2010.txt",spacy,0.36191588785046724,21,38,40,0.3559322033898305,0.3442622950819672,0.35,20,55,12,0.26666666666666666,0.625,0.37383177570093457
"Plenarprotokoll_870._Sitzung,_21.05.2010.txt",improved_spacy,0.37870370370370365,21,38,40,0.3559322033898305,0.3442622950819672,0.35,22,54,10,0.2894736842105263,0.6875,0.4074074074074074
"Plenarprotokoll_870._Sitzung,_21.05.2010.txt",bert,0.41959734964322115,20,28,41,0.4166666666666667,0.32786885245901637,0.36697247706422015,17,23,15,0.425,0.53125,0.47222222222222215
"Plenarprotokoll_870._Sitzung,_21.05.2010.txt",distilbert,0.3849994572886139,20,30,41,0.4,0.32786885245901637,0.36036036036036034,17,34,15,0.3333333333333333,0.53125,0.40963855421686746
"Plenarprotokoll_872._Sitzung,_02.07.2010.txt",rule_based,0.16991101223581756,1,47,67,0.020833333333333332,0.014705882352941176,0.017241379310344827,5,2,19,0.7142857142857143,0.20833333333333334,0.3225806451612903
"Plenarprotokoll_872._Sitzung,_02.07.2010.txt",flair,0.2025963808025177,10,46,58,0.17857142857142858,0.14705882352941177,0.16129032258064516,5,12,19,0.29411764705882354,0.20833333333333334,0.24390243902439027
"Plenarprotokoll_872._Sitzung,_02.07.2010.txt",spacy,0.19813664596273295,8,39,60,0.1702127659574468,0.11764705882352941,0.1391304347826087,9,37,15,0.1956521739130435,0.375,0.2571428571428572
"Plenarprotokoll_872._Sitzung,_02.07.2010.txt",improved_spacy,0.22234299516908212,8,39,60,0.1702127659574468,0.11764705882352941,0.1391304347826087,11,37,13,0.22916666666666666,0.4583333333333333,0.3055555555555555
"Plenarprotokoll_872._Sitzung,_02.07.2010.txt",bert,0.23504273504273504,8,41,60,0.16326530612244897,0.11764705882352941,0.13675213675213674,8,16,16,0.3333333333333333,0.3333333333333333,0.3333333333333333
"Plenarprotokoll_872._Sitzung,_02.07.2010.txt",distilbert,0.1768875192604006,8,42,60,0.16,0.11764705882352941,0.13559322033898305,6,25,18,0.1935483870967742,0.25,0.21818181818181817
"Plenarprotokoll_894._Sitzung,_23.03.2012.txt",rule_based,0.19286403085824494,2,42,76,0.045454545454545456,0.02564102564102564,0.032786885245901634,3,2,9,0.6,0.25,0.35294117647058826
"Plenarprotokoll_894._Sitzung,_23.03.2012.txt",flair,0.5028985507246377,28,32,50,0.4666666666666667,0.358974358974359,0.40579710144927544,6,2,6,0.75,0.5,0.6
"Plenarprotokoll_894._Sitzung,_23.03.2012.txt",spacy,0.3986666666666667,29,18,49,0.6170212765957447,0.3717948717948718,0.464,7,23,5,0.23333333333333334,0.5833333333333334,0.33333333333333337
"Plenarprotokoll_894._Sitzung,_23.03.2012.txt",improved_spacy,0.41804651162790696,29,18,49,0.6170212765957447,0.3717948717948718,0.464,8,23,4,0.25806451612903225,0.6666666666666666,0.37209302325581395
"Plenarprotokoll_894._Sitzung,_23.03.2012.txt",bert,0.38604651162790704,24,27,54,0.47058823529411764,0.3076923076923077,0.372093023255814,5,8,7,0.38461538461538464,0.4166666666666667,0.4
"Plenarprotokoll_894._Sitzung,_23.03.2012.txt",distilbert,0.34375,24,26,54,0.48,0.3076923076923077,0.37500000000000006,5,15,7,0.25,0.4166666666666667,0.3125
"Plenarprotokoll_913._Sitzung,_16.08.2013.txt",rule_based,0.25347985347985347,1,24,39,0.04,0.025,0.030769230769230767,5,0,11,1.0,0.3125,0.47619047619047616
"Plenarprotokoll_913._Sitzung,_16.08.2013.txt",flair,0.6174242424242424,27,5,13,0.84375,0.675,0.75,8,9,8,0.47058823529411764,0.5,0.48484848484848486
"Plenarprotokoll_913._Sitzung,_16.08.2013.txt",spacy,0.4900117508813161,25,9,15,0.7352941176470589,0.625,0.6756756756756757,7,23,9,0.23333333333333334,0.4375,0.3043478260869565
"Plenarprotokoll_913._Sitzung,_16.08.2013.txt",improved_spacy,0.5253378378378378,25,9,15,0.7352941176470589,0.625,0.6756756756756757,9,23,7,0.28125,0.5625,0.375
"Plenarprotokoll_913._Sitzung,_16.08.2013.txt",bert,0.42624042624042624,19,18,21,0.5135135135135135,0.475,0.4935064935064935,7,16,9,0.30434782608695654,0.4375,0.358974358974359
"Plenarprotokoll_913._Sitzung,_16.08.2013.txt",distilbert,0.48891198891198895,21,13,19,0.6176470588235294,0.525,0.5675675675675677,8,15,8,0.34782608695652173,0.5,0.41025641025641024
"Plenarprotokoll_915._Sitzung,_11.10.2013.txt",rule_based,0.18,5,44,71,0.10204081632653061,0.06578947368421052,0.08,7,3,33,0.7,0.175,0.27999999999999997
"Plenarprotokoll_915._Sitzung,_11.10.2013.txt",flair,0.5152421652421653,41,18,35,0.6949152542372882,0.5394736842105263,0.6074074074074074,22,42,18,0.34375,0.55,0.42307692307692313
"Plenarprotokoll_915._Sitzung,_11.10.2013.txt",spacy,0.4460815047021944,37,32,39,0.5362318840579711,0.4868421052631579,0.5103448275862069,21,49,19,0.3,0.525,0.38181818181818183
"Plenarprotokoll_915._Sitzung,_11.10.2013.txt",improved_spacy,0.4426724137931035,37,32,39,0.5362318840579711,0.4868421052631579,0.5103448275862069,21,51,19,0.2916666666666667,0.525,0.37500000000000006
"Plenarprotokoll_915._Sitzung,_11.10.2013.txt",bert,0.3559814571369266,30,43,46,0.410958904109589,0.39473684210526316,0.40268456375838924,15,42,25,0.2631578947368421,0.375,0.30927835051546393
"Plenarprotokoll_915._Sitzung,_11.10.2013.txt",distilbert,0.3891021755236748,31,40,45,0.43661971830985913,0.40789473684210525,0.4217687074829932,18,43,22,0.29508196721311475,0.45,0.3564356435643564
"Plenarprotokoll_955._Sitzung,_22.03.2017.txt",rule_based,0.11428571428571428,0,47,85,0.0,0.0,0.0,4,4,23,0.5,0.14814814814814814,0.22857142857142856
"Plenarprotokoll_955._Sitzung,_22.03.2017.txt",flair,0.20524737631184406,14,46,71,0.23333333333333334,0.16470588235294117,0.19310344827586204,5,14,22,0.2631578947368421,0.18518518518518517,0.21739130434782608
"Plenarprotokoll_955._Sitzung,_22.03.2017.txt",spacy,0.1933028919330289,12,49,73,0.19672131147540983,0.1411764705882353,0.1643835616438356,8,37,19,0.17777777777777778,0.2962962962962963,0.2222222222222222
"Plenarprotokoll_955._Sitzung,_22.03.2017.txt",improved_spacy,0.2038134024435394,12,49,73,0.19672131147540983,0.1411764705882353,0.1643835616438356,9,38,18,0.19148936170212766,0.3333333333333333,0.24324324324324323
"Plenarprotokoll_955._Sitzung,_22.03.2017.txt",bert,0.15522875816993464,6,45,79,0.11764705882352941,0.07058823529411765,0.08823529411764706,5,13,22,0.2777777777777778,0.18518518518518517,0.22222222222222224
"Plenarprotokoll_955._Sitzung,_22.03.2017.txt",distilbert,0.14776228906823186,6,54,79,0.1,0.07058823529411765,0.08275862068965517,5,15,22,0.25,0.18518518518518517,0.2127659574468085
"Plenarprotokoll_961._Sitzung,_3.11.2017.txt",rule_based,0.13713556493570234,1,60,105,0.01639344262295082,0.009433962264150943,0.011976047904191616,8,4,41,0.6666666666666666,0.16326530612244897,0.2622950819672131
"Plenarprotokoll_961._Sitzung,_3.11.2017.txt",flair,0.26637474913336984,24,73,82,0.24742268041237114,0.22641509433962265,0.23645320197044337,16,43,33,0.2711864406779661,0.32653061224489793,0.2962962962962963
"Plenarprotokoll_961._Sitzung,_3.11.2017.txt",spacy,0.22445708179077134,22,69,84,0.24175824175824176,0.20754716981132076,0.2233502538071066,15,69,34,0.17857142857142858,0.30612244897959184,0.22556390977443608
"Plenarprotokoll_961._Sitzung,_3.11.2017.txt",improved_spacy,0.23107811197818018,22,69,84,0.24175824175824176,0.20754716981132076,0.2233502538071066,16,69,33,0.18823529411764706,0.32653061224489793,0.23880597014925375
"Plenarprotokoll_961._Sitzung,_3.11.2017.txt",bert,0.17536015896671633,12,80,94,0.13043478260869565,0.11320754716981132,0.1212121212121212,14,59,35,0.1917808219178082,0.2857142857142857,0.22950819672131148
"Plenarprotokoll_961._Sitzung,_3.11.2017.txt",distilbert,0.16198984771573605,13,78,93,0.14285714285714285,0.12264150943396226,0.13197969543147206,12,64,37,0.15789473684210525,0.24489795918367346,0.192
"Plenarprotokoll_962._Sitzung,_24.11.2017.txt",rule_based,0.125,1,49,85,0.02,0.011627906976744186,0.014705882352941178,6,4,35,0.6,0.14634146341463414,0.23529411764705882
"Plenarprotokoll_962._Sitzung,_24.11.2017.txt",flair,0.5056514718668488,48,32,38,0.6,0.5581395348837209,0.5783132530120482,21,35,20,0.375,0.5121951219512195,0.4329896907216495
"Plenarprotokoll_962._Sitzung,_24.11.2017.txt",spacy,0.444047619047619,41,41,45,0.5,0.47674418604651164,0.48809523809523814,20,39,21,0.3389830508474576,0.4878048780487805,0.39999999999999997
"Plenarprotokoll_962._Sitzung,_24.11.2017.txt",improved_spacy,0.4382223763291725,41,41,45,0.5,0.47674418604651164,0.48809523809523814,20,42,21,0.3225806451612903,0.4878048780487805,0.3883495145631068
"Plenarprotokoll_962._Sitzung,_24.11.2017.txt",bert,0.3218018914883026,26,52,60,0.3333333333333333,0.3023255813953488,0.31707317073170727,16,41,25,0.2807017543859649,0.3902439024390244,0.326530612244898
"Plenarprotokoll_962._Sitzung,_24.11.2017.txt",distilbert,0.3100686498855835,27,58,59,0.3176470588235294,0.313953488372093,0.3157894736842105,14,37,27,0.27450980392156865,0.34146341463414637,0.30434782608695654
"Plenarprotokoll_987._Sitzung,_25.03.2020.txt",rule_based,0.23076923076923075,0,18,20,0.0,0.0,0.0,3,0,7,1.0,0.3,0.4615384615384615
"Plenarprotokoll_987._Sitzung,_25.03.2020.txt",flair,0.058823529411764705,0,22,20,0.0,0.0,0.0,1,6,9,0.14285714285714285,0.1,0.11764705882352941
"Plenarprotokoll_987._Sitzung,_25.03.2020.txt",spacy,0.043478260869565216,0,17,20,0.0,0.0,0.0,1,12,9,0.07692307692307693,0.1,0.08695652173913043
"Plenarprotokoll_987._Sitzung,_25.03.2020.txt",improved_spacy,0.12,0,17,20,0.0,0.0,0.0,3,12,7,0.2,0.3,0.24
"Plenarprotokoll_987._Sitzung,_25.03.2020.txt",bert,0.11764705882352941,0,17,20,0.0,0.0,0.0,2,5,8,0.2857142857142857,0.2,0.23529411764705882
"Plenarprotokoll_987._Sitzung,_25.03.2020.txt",distilbert,0.13636363636363635,0,17,20,0.0,0.0,0.0,3,9,7,0.25,0.3,0.2727272727272727
"Plenarprotokoll_988._Sitzung,_27.03.2020.txt",rule_based,0.14861853832442065,1,34,52,0.02857142857142857,0.018867924528301886,0.022727272727272724,7,3,34,0.7,0.17073170731707318,0.2745098039215686
"Plenarprotokoll_988._Sitzung,_27.03.2020.txt",flair,0.30243636858581735,14,26,39,0.35,0.2641509433962264,0.30107526881720426,12,26,29,0.3157894736842105,0.2926829268292683,0.3037974683544304
"Plenarprotokoll_988._Sitzung,_27.03.2020.txt",spacy,0.27722772277227725,16,32,37,0.3333333333333333,0.3018867924528302,0.31683168316831684,12,48,29,0.2,0.2926829268292683,0.2376237623762376
"Plenarprotokoll_988._Sitzung,_27.03.2020.txt",improved_spacy,0.29433817168124576,16,32,37,0.3333333333333333,0.3018867924528302,0.31683168316831684,14,48,27,0.22580645161290322,0.34146341463414637,0.27184466019417475
"Plenarprotokoll_988._Sitzung,_27.03.2020.txt",bert,0.27701979668271803,13,23,40,0.3611111111111111,0.24528301886792453,0.29213483146067415,11,32,30,0.2558139534883721,0.2682926829268293,0.2619047619047619
"Plenarprotokoll_988._Sitzung,_27.03.2020.txt",distilbert,0.2198876404494382,13,34,40,0.2765957446808511,0.24528301886792453,0.26,8,40,33,0.16666666666666666,0.1951219512195122,0.17977528089887637
"Plenarprotokoll_991._Sitzung,_29.06.2020.txt",rule_based,0.17256011315417255,3,47,48,0.06,0.058823529411764705,0.0594059405940594,3,0,15,1.0,0.16666666666666666,0.2857142857142857
"Plenarprotokoll_991._Sitzung,_29.06.2020.txt",flair,0.6018099547511312,30,21,21,0.5882352941176471,0.5882352941176471,0.5882352941176471,12,9,6,0.5714285714285714,0.6666666666666666,0.6153846153846153
"Plenarprotokoll_991._Sitzung,_29.06.2020.txt",spacy,0.48883928571428575,30,24,21,0.5555555555555556,0.5882352941176471,0.5714285714285715,13,33,5,0.2826086956521739,0.7222222222222222,0.40625
"Plenarprotokoll_991._Sitzung,_29.06.2020.txt",improved_spacy,0.512987012987013,30,24,21,0.5555555555555556,0.5882352941176471,0.5714285714285715,15,33,3,0.3125,0.8333333333333334,0.45454545454545453
"Plenarprotokoll_991._Sitzung,_29.06.2020.txt",bert,0.553475935828877,24,27,27,0.47058823529411764,0.47058823529411764,0.47058823529411764,14,12,4,0.5384615384615384,0.7777777777777778,0.6363636363636364
"Plenarprotokoll_991._Sitzung,_29.06.2020.txt",distilbert,0.5072727272727273,25,34,26,0.423728813559322,0.49019607843137253,0.4545454545454545,14,18,4,0.4375,0.7777777777777778,0.56
"Plenarprotokoll_996._Sitzung,_18.11.2020.txt",rule_based,0.1913919413919414,1,39,43,0.025,0.022727272727272728,0.02380952380952381,7,0,25,1.0,0.21875,0.358974358974359
"Plenarprotokoll_996._Sitzung,_18.11.2020.txt",flair,0.48228128460686603,21,21,23,0.5,0.4772727272727273,0.48837209302325585,15,16,17,0.4838709677419355,0.46875,0.47619047619047616
"Plenarprotokoll_996._Sitzung,_18.11.2020.txt",spacy,0.4579180509413068,23,19,21,0.5476190476190477,0.5227272727272727,0.5348837209302325,16,36,16,0.3076923076923077,0.5,0.380952380952381
"Plenarprotokoll_996._Sitzung,_18.11.2020.txt",improved_spacy,0.47920656634746917,23,19,21,0.5476190476190477,0.5227272727272727,0.5348837209302325,18,35,14,0.33962264150943394,0.5625,0.4235294117647059
"Plenarprotokoll_996._Sitzung,_18.11.2020.txt",bert,0.47214854111405835,18,16,26,0.5294117647058824,0.4090909090909091,0.46153846153846156,14,12,18,0.5384615384615384,0.4375,0.4827586206896552
"Plenarprotokoll_996._Sitzung,_18.11.2020.txt",distilbert,0.45598845598845594,18,15,26,0.5454545454545454,0.4090909090909091,0.4675324675324675,14,17,18,0.45161290322580644,0.4375,0.4444444444444444
"Plenarprotokoll_999._Sitzung,_18.01.2021.txt",rule_based,0.28036529680365296,1,31,40,0.03125,0.024390243902439025,0.027397260273972605,4,1,6,0.8,0.4,0.5333333333333333
"Plenarprotokoll_999._Sitzung,_18.01.2021.txt",flair,0.3676607642124884,17,16,24,0.5151515151515151,0.4146341463414634,0.4594594594594595,4,15,6,0.21052631578947367,0.4,0.27586206896551724
"Plenarprotokoll_999._Sitzung,_18.01.2021.txt",spacy,0.34401544401544404,17,16,24,0.5151515151515151,0.4146341463414634,0.4594594594594595,4,21,6,0.16,0.4,0.22857142857142856
"Plenarprotokoll_999._Sitzung,_18.01.2021.txt",improved_spacy,0.3918918918918919,17,16,24,0.5151515151515151,0.4146341463414634,0.4594594594594595,6,21,4,0.2222222222222222,0.6,0.32432432432432434
"Plenarprotokoll_999._Sitzung,_18.01.2021.txt",bert,0.3941404090657822,14,12,27,0.5384615384615384,0.34146341463414637,0.41791044776119407,5,12,5,0.29411764705882354,0.5,0.37037037037037035
"Plenarprotokoll_999._Sitzung,_18.01.2021.txt",distilbert,0.40032679738562094,14,17,27,0.45161290322580644,0.34146341463414637,0.3888888888888889,7,17,3,0.2916666666666667,0.7,0.4117647058823529
