filename,model,macro_f1,TP_PER,FP_PER,FN_PER,precision_PER,recall_PER,f1_PER,TP_ORG,FP_ORG,FN_ORG,precision_ORG,recall_ORG,f1_ORG
01.02.2017_164._Sitzung.txt,rule_based,0.6495726495726496,8,16,7,0.3333333333333333,0.5333333333333333,0.4102564102564102,4,1,0,0.8,1.0,0.888888888888889
01.02.2017_164._Sitzung.txt,flair,0.2580645161290323,8,8,7,0.5,0.5333333333333333,0.5161290322580646,0,1,4,0.0,0.0,0.0
01.02.2017_164._Sitzung.txt,spacy,0.4999999999999999,9,3,6,0.75,0.6,0.6666666666666665,2,6,2,0.25,0.5,0.3333333333333333
01.02.2017_164._Sitzung.txt,improved_spacy,0.4999999999999999,9,3,6,0.75,0.6,0.6666666666666665,2,6,2,0.25,0.5,0.3333333333333333
01.02.2017_164._Sitzung.txt,bert,0.28125,9,8,6,0.5294117647058824,0.6,0.5625,0,2,4,0.0,0.0,0.0
01.02.2017_164._Sitzung.txt,distilbert,0.17857142857142855,5,8,10,0.38461538461538464,0.3333333333333333,0.3571428571428571,0,2,4,0.0,0.0,0.0
01.12.2010_89._Sitzung.txt,rule_based,0.6728060671722643,15,23,18,0.39473684210526316,0.45454545454545453,0.4225352112676056,6,0,1,1.0,0.8571428571428571,0.923076923076923
01.12.2010_89._Sitzung.txt,flair,0.1379310344827586,8,17,25,0.32,0.24242424242424243,0.2758620689655172,0,2,7,0.0,0.0,0.0
01.12.2010_89._Sitzung.txt,spacy,0.3797814207650273,13,15,20,0.4642857142857143,0.3939393939393939,0.4262295081967213,4,13,3,0.23529411764705882,0.5714285714285714,0.3333333333333333
01.12.2010_89._Sitzung.txt,improved_spacy,0.3797814207650273,13,15,20,0.4642857142857143,0.3939393939393939,0.4262295081967213,4,13,3,0.23529411764705882,0.5714285714285714,0.3333333333333333
01.12.2010_89._Sitzung.txt,bert,0.225,7,16,26,0.30434782608695654,0.21212121212121213,0.25,1,2,6,0.3333333333333333,0.14285714285714285,0.2
01.12.2010_89._Sitzung.txt,distilbert,0.10909090909090909,6,16,27,0.2727272727272727,0.18181818181818182,0.21818181818181817,0,6,7,0.0,0.0,0.0
02.03.2000_14._Sitzung.txt,rule_based,0.7017543859649122,10,5,5,0.6666666666666666,0.6666666666666666,0.6666666666666666,7,0,5,1.0,0.5833333333333334,0.7368421052631579
02.03.2000_14._Sitzung.txt,flair,0.3636363636363636,0,11,15,0.0,0.0,0.0,8,2,4,0.8,0.6666666666666666,0.7272727272727272
02.03.2000_14._Sitzung.txt,spacy,0.49743589743589745,6,5,9,0.5454545454545454,0.4,0.4615384615384615,8,10,4,0.4444444444444444,0.6666666666666666,0.5333333333333333
02.03.2000_14._Sitzung.txt,improved_spacy,0.5210918114143921,6,5,9,0.5454545454545454,0.4,0.4615384615384615,9,10,3,0.47368421052631576,0.75,0.5806451612903226
02.03.2000_14._Sitzung.txt,bert,0.3846153846153846,0,7,15,0.0,0.0,0.0,10,4,2,0.7142857142857143,0.8333333333333334,0.7692307692307692
02.03.2000_14._Sitzung.txt,distilbert,0.2631578947368421,0,7,15,0.0,0.0,0.0,5,2,7,0.7142857142857143,0.4166666666666667,0.5263157894736842
02.03.2006_141._Sitzung.txt,rule_based,0.7505543237250554,14,10,3,0.5833333333333334,0.8235294117647058,0.6829268292682927,9,0,4,1.0,0.6923076923076923,0.8181818181818181
02.03.2006_141._Sitzung.txt,flair,0.3051470588235294,4,13,13,0.23529411764705882,0.23529411764705882,0.23529411764705882,6,13,7,0.3157894736842105,0.46153846153846156,0.37499999999999994
02.03.2006_141._Sitzung.txt,spacy,0.5135531135531135,9,9,8,0.5,0.5294117647058824,0.5142857142857143,10,16,3,0.38461538461538464,0.7692307692307693,0.5128205128205128
02.03.2006_141._Sitzung.txt,improved_spacy,0.5135531135531135,9,9,8,0.5,0.5294117647058824,0.5142857142857143,10,16,3,0.38461538461538464,0.7692307692307693,0.5128205128205128
02.03.2006_141._Sitzung.txt,bert,0.29621848739495793,4,13,13,0.23529411764705882,0.23529411764705882,0.23529411764705882,5,10,8,0.3333333333333333,0.38461538461538464,0.3571428571428571
02.03.2006_141._Sitzung.txt,distilbert,0.2854251012145749,5,16,12,0.23809523809523808,0.29411764705882354,0.2631578947368421,4,9,9,0.3076923076923077,0.3076923076923077,0.3076923076923077
02.04.2020_21._Sitzung.txt,rule_based,0.29776247848537,1,44,37,0.022222222222222223,0.02631578947368421,0.024096385542168672,4,1,5,0.8,0.4444444444444444,0.5714285714285714
02.04.2020_21._Sitzung.txt,flair,0.0,0,38,38,0.0,0.0,0.0,0,0,9,0.0,0.0,0.0
02.04.2020_21._Sitzung.txt,spacy,0.14285714285714288,0,44,38,0.0,0.0,0.0,3,9,6,0.25,0.3333333333333333,0.28571428571428575
02.04.2020_21._Sitzung.txt,improved_spacy,0.14285714285714288,0,44,38,0.0,0.0,0.0,3,9,6,0.25,0.3333333333333333,0.28571428571428575
02.04.2020_21._Sitzung.txt,bert,0.0625,0,10,38,0.0,0.0,0.0,1,6,8,0.14285714285714285,0.1111111111111111,0.125
02.04.2020_21._Sitzung.txt,distilbert,0.0,0,11,38,0.0,0.0,0.0,0,5,9,0.0,0.0,0.0
03.04.2013_197._Sitzung.txt,rule_based,0.7766069546891465,23,14,13,0.6216216216216216,0.6388888888888888,0.6301369863013699,6,0,1,1.0,0.8571428571428571,0.923076923076923
03.04.2013_197._Sitzung.txt,flair,0.3333333333333333,22,8,14,0.7333333333333333,0.6111111111111112,0.6666666666666666,0,7,7,0.0,0.0,0.0
03.04.2013_197._Sitzung.txt,spacy,0.5468975468975469,23,4,13,0.8518518518518519,0.6388888888888888,0.7301587301587301,4,11,3,0.26666666666666666,0.5714285714285714,0.36363636363636365
03.04.2013_197._Sitzung.txt,improved_spacy,0.5468975468975469,23,4,13,0.8518518518518519,0.6388888888888888,0.7301587301587301,4,11,3,0.26666666666666666,0.5714285714285714,0.36363636363636365
03.04.2013_197._Sitzung.txt,bert,0.2977155490051585,15,8,21,0.6521739130434783,0.4166666666666667,0.5084745762711865,1,15,6,0.0625,0.14285714285714285,0.08695652173913043
03.04.2013_197._Sitzung.txt,distilbert,0.3322884012539185,14,8,22,0.6363636363636364,0.3888888888888889,0.4827586206896552,1,3,6,0.25,0.14285714285714285,0.18181818181818182
03.05.2007_23._Sitzung.txt,rule_based,0.6724137931034483,5,13,6,0.2777777777777778,0.45454545454545453,0.3448275862068966,5,0,0,1.0,1.0,1.0
03.05.2007_23._Sitzung.txt,flair,0.0,0,11,11,0.0,0.0,0.0,0,2,5,0.0,0.0,0.0
03.05.2007_23._Sitzung.txt,spacy,0.3879310344827586,4,14,7,0.2222222222222222,0.36363636363636365,0.27586206896551724,3,4,2,0.42857142857142855,0.6,0.5
03.05.2007_23._Sitzung.txt,improved_spacy,0.3879310344827586,4,14,7,0.2222222222222222,0.36363636363636365,0.27586206896551724,3,4,2,0.42857142857142855,0.6,0.5
03.05.2007_23._Sitzung.txt,bert,0.15384615384615385,0,11,11,0.0,0.0,0.0,2,6,3,0.25,0.4,0.3076923076923077
03.05.2007_23._Sitzung.txt,distilbert,0.11111111111111112,0,14,11,0.0,0.0,0.0,1,3,4,0.25,0.2,0.22222222222222224
03.07.2013_214._Sitzung.txt,rule_based,0.39682539682539686,14,9,12,0.6086956521739131,0.5384615384615384,0.5714285714285715,2,3,11,0.4,0.15384615384615385,0.2222222222222222
03.07.2013_214._Sitzung.txt,flair,0.5833333333333334,11,7,15,0.6111111111111112,0.4230769230769231,0.5,8,3,5,0.7272727272727273,0.6153846153846154,0.6666666666666667
03.07.2013_214._Sitzung.txt,spacy,0.4181818181818182,12,7,14,0.631578947368421,0.46153846153846156,0.5333333333333333,5,15,8,0.25,0.38461538461538464,0.30303030303030304
03.07.2013_214._Sitzung.txt,improved_spacy,0.4181818181818182,12,7,14,0.631578947368421,0.46153846153846156,0.5333333333333333,5,15,8,0.25,0.38461538461538464,0.30303030303030304
03.07.2013_214._Sitzung.txt,bert,0.5804195804195805,12,1,14,0.9230769230769231,0.46153846153846156,0.6153846153846155,6,3,7,0.6666666666666666,0.46153846153846156,0.5454545454545455
03.07.2013_214._Sitzung.txt,distilbert,0.5727272727272728,12,2,14,0.8571428571428571,0.46153846153846156,0.6,6,3,7,0.6666666666666666,0.46153846153846156,0.5454545454545455
05.07.2007_29._Sitzung.txt,rule_based,0.8684210526315789,21,9,6,0.7,0.7777777777777778,0.7368421052631577,5,0,0,1.0,1.0,1.0
05.07.2007_29._Sitzung.txt,flair,0.2641509433962264,14,12,13,0.5384615384615384,0.5185185185185185,0.5283018867924528,0,0,5,0.0,0.0,0.0
05.07.2007_29._Sitzung.txt,spacy,0.5381355932203389,17,15,10,0.53125,0.6296296296296297,0.5762711864406779,3,4,2,0.42857142857142855,0.6,0.5
05.07.2007_29._Sitzung.txt,improved_spacy,0.5381355932203389,17,15,10,0.53125,0.6296296296296297,0.5762711864406779,3,4,2,0.42857142857142855,0.6,0.5
05.07.2007_29._Sitzung.txt,bert,0.5727272727272728,15,8,12,0.6521739130434783,0.5555555555555556,0.6,3,3,2,0.5,0.6,0.5454545454545454
05.07.2007_29._Sitzung.txt,distilbert,0.5972222222222221,12,15,15,0.4444444444444444,0.4444444444444444,0.4444444444444444,3,0,2,1.0,0.6,0.7499999999999999
05.11.2020_61._Sitzung.txt,rule_based,0.16842105263157894,2,29,24,0.06451612903225806,0.07692307692307693,0.07017543859649122,2,4,7,0.3333333333333333,0.2222222222222222,0.26666666666666666
05.11.2020_61._Sitzung.txt,flair,0.0392156862745098,2,23,24,0.08,0.07692307692307693,0.0784313725490196,0,3,9,0.0,0.0,0.0
05.11.2020_61._Sitzung.txt,spacy,0.07940251572327045,2,25,24,0.07407407407407407,0.07692307692307693,0.07547169811320754,1,14,8,0.06666666666666667,0.1111111111111111,0.08333333333333334
05.11.2020_61._Sitzung.txt,improved_spacy,0.07940251572327045,2,25,24,0.07407407407407407,0.07692307692307693,0.07547169811320754,1,14,8,0.06666666666666667,0.1111111111111111,0.08333333333333334
05.11.2020_61._Sitzung.txt,bert,0.021739130434782608,1,19,25,0.05,0.038461538461538464,0.043478260869565216,0,7,9,0.0,0.0,0.0
05.11.2020_61._Sitzung.txt,distilbert,0.022222222222222223,1,18,25,0.05263157894736842,0.038461538461538464,0.044444444444444446,0,5,9,0.0,0.0,0.0
06.03.2003_8._Sitzung.txt,rule_based,0.6324786324786325,16,4,3,0.8,0.8421052631578947,0.8205128205128205,4,3,7,0.5714285714285714,0.36363636363636365,0.4444444444444444
06.03.2003_8._Sitzung.txt,flair,0.08108108108108107,3,15,16,0.16666666666666666,0.15789473684210525,0.16216216216216214,0,3,11,0.0,0.0,0.0
06.03.2003_8._Sitzung.txt,spacy,0.44500000000000006,13,8,6,0.6190476190476191,0.6842105263157895,0.6500000000000001,3,11,8,0.21428571428571427,0.2727272727272727,0.23999999999999996
06.03.2003_8._Sitzung.txt,improved_spacy,0.5101851851851852,13,8,6,0.6190476190476191,0.6842105263157895,0.6500000000000001,5,11,6,0.3125,0.45454545454545453,0.3703703703703703
06.03.2003_8._Sitzung.txt,bert,0.2048611111111111,3,10,16,0.23076923076923078,0.15789473684210525,0.18749999999999997,2,5,9,0.2857142857142857,0.18181818181818182,0.2222222222222222
06.03.2003_8._Sitzung.txt,distilbert,0.20855614973262032,3,11,16,0.21428571428571427,0.15789473684210525,0.18181818181818182,2,4,9,0.3333333333333333,0.18181818181818182,0.23529411764705885
06.05.2004_60._Sitzung.txt,rule_based,0.8318181818181818,19,2,4,0.9047619047619048,0.8260869565217391,0.8636363636363636,8,0,4,1.0,0.6666666666666666,0.8
06.05.2004_60._Sitzung.txt,flair,0.2619339045287638,9,11,14,0.45,0.391304347826087,0.4186046511627907,1,6,11,0.14285714285714285,0.08333333333333333,0.10526315789473685
06.05.2004_60._Sitzung.txt,spacy,0.5403726708074534,15,8,8,0.6521739130434783,0.6521739130434783,0.6521739130434783,6,10,6,0.375,0.5,0.42857142857142855
06.05.2004_60._Sitzung.txt,improved_spacy,0.5674662668665668,15,8,8,0.6521739130434783,0.6521739130434783,0.6521739130434783,7,10,5,0.4117647058823529,0.5833333333333334,0.4827586206896552
06.05.2004_60._Sitzung.txt,bert,0.33914053426248547,10,8,13,0.5555555555555556,0.43478260869565216,0.4878048780487805,2,7,10,0.2222222222222222,0.16666666666666666,0.1904761904761905
06.05.2004_60._Sitzung.txt,distilbert,0.30564784053156147,7,13,16,0.35,0.30434782608695654,0.3255813953488372,3,6,9,0.3333333333333333,0.25,0.28571428571428575
06.10.2015_95._Sitzung.txt,rule_based,0.8014842300556586,17,9,6,0.6538461538461539,0.7391304347826086,0.693877551020408,5,1,0,0.8333333333333334,1.0,0.9090909090909091
06.10.2015_95._Sitzung.txt,flair,0.15217391304347827,7,16,16,0.30434782608695654,0.30434782608695654,0.30434782608695654,0,6,5,0.0,0.0,0.0
06.10.2015_95._Sitzung.txt,spacy,0.42546583850931674,13,10,10,0.5652173913043478,0.5652173913043478,0.5652173913043478,3,13,2,0.1875,0.6,0.2857142857142857
06.10.2015_95._Sitzung.txt,improved_spacy,0.42546583850931674,13,10,10,0.5652173913043478,0.5652173913043478,0.5652173913043478,3,13,2,0.1875,0.6,0.2857142857142857
06.10.2015_95._Sitzung.txt,bert,0.2569444444444444,7,18,16,0.28,0.30434782608695654,0.2916666666666667,2,11,3,0.15384615384615385,0.4,0.2222222222222222
06.10.2015_95._Sitzung.txt,distilbert,0.2114285714285714,7,20,16,0.25925925925925924,0.30434782608695654,0.27999999999999997,1,8,4,0.1111111111111111,0.2,0.14285714285714285
06.12.2007_43._Sitzung.txt,rule_based,0.19855072463768114,3,21,19,0.125,0.13636363636363635,0.13043478260869565,2,4,7,0.3333333333333333,0.2222222222222222,0.26666666666666666
06.12.2007_43._Sitzung.txt,flair,0.024999999999999998,1,17,21,0.05555555555555555,0.045454545454545456,0.049999999999999996,0,0,9,0.0,0.0,0.0
06.12.2007_43._Sitzung.txt,spacy,0.07692307692307691,0,26,22,0.0,0.0,0.0,2,15,7,0.11764705882352941,0.2222222222222222,0.15384615384615383
06.12.2007_43._Sitzung.txt,improved_spacy,0.07692307692307691,0,26,22,0.0,0.0,0.0,2,15,7,0.11764705882352941,0.2222222222222222,0.15384615384615383
06.12.2007_43._Sitzung.txt,bert,0.07142857142857142,0,12,22,0.0,0.0,0.0,1,4,8,0.2,0.1111111111111111,0.14285714285714285
06.12.2007_43._Sitzung.txt,distilbert,0.0,0,16,22,0.0,0.0,0.0,0,2,9,0.0,0.0,0.0
07.07.2016_139._Sitzung.txt,rule_based,0.7909090909090909,16,14,9,0.5333333333333333,0.64,0.5818181818181818,6,0,0,1.0,1.0,1.0
07.07.2016_139._Sitzung.txt,flair,0.4652777777777778,17,6,8,0.7391304347826086,0.68,0.7083333333333334,1,2,5,0.3333333333333333,0.16666666666666666,0.2222222222222222
07.07.2016_139._Sitzung.txt,spacy,0.5834266517357223,20,2,5,0.9090909090909091,0.8,0.8510638297872342,3,10,3,0.23076923076923078,0.5,0.3157894736842105
07.07.2016_139._Sitzung.txt,improved_spacy,0.6255319148936171,20,2,5,0.9090909090909091,0.8,0.8510638297872342,4,10,2,0.2857142857142857,0.6666666666666666,0.4
07.07.2016_139._Sitzung.txt,bert,0.36737588652482267,11,11,14,0.5,0.44,0.46808510638297873,2,7,4,0.2222222222222222,0.3333333333333333,0.26666666666666666
07.07.2016_139._Sitzung.txt,distilbert,0.24444444444444446,11,9,14,0.55,0.44,0.48888888888888893,0,11,6,0.0,0.0,0.0
07.12.2005_130._Sitzung.txt,rule_based,0.20303030303030306,2,29,22,0.06451612903225806,0.08333333333333333,0.07272727272727274,3,2,10,0.6,0.23076923076923078,0.33333333333333337
07.12.2005_130._Sitzung.txt,flair,0.10869565217391304,1,21,23,0.045454545454545456,0.041666666666666664,0.043478260869565216,2,8,11,0.2,0.15384615384615385,0.17391304347826086
07.12.2005_130._Sitzung.txt,spacy,0.12670408981555734,1,18,23,0.05263157894736842,0.041666666666666664,0.04651162790697675,3,13,10,0.1875,0.23076923076923078,0.20689655172413793
07.12.2005_130._Sitzung.txt,improved_spacy,0.12670408981555734,1,18,23,0.05263157894736842,0.041666666666666664,0.04651162790697675,3,13,10,0.1875,0.23076923076923078,0.20689655172413793
07.12.2005_130._Sitzung.txt,bert,0.09090909090909093,0,21,24,0.0,0.0,0.0,2,7,11,0.2222222222222222,0.15384615384615385,0.18181818181818185
07.12.2005_130._Sitzung.txt,distilbert,0.125,0,19,24,0.0,0.0,0.0,2,1,11,0.6666666666666666,0.15384615384615385,0.25
08.03.2016_116._Sitzung.txt,rule_based,0.2056277056277056,3,37,34,0.075,0.08108108108108109,0.07792207792207792,2,3,5,0.4,0.2857142857142857,0.3333333333333333
08.03.2016_116._Sitzung.txt,flair,0.0,0,35,37,0.0,0.0,0.0,0,7,7,0.0,0.0,0.0
08.03.2016_116._Sitzung.txt,spacy,0.044117647058823525,3,28,34,0.0967741935483871,0.08108108108108109,0.08823529411764705,0,18,7,0.0,0.0,0.0
08.03.2016_116._Sitzung.txt,improved_spacy,0.044117647058823525,3,28,34,0.0967741935483871,0.08108108108108109,0.08823529411764705,0,19,7,0.0,0.0,0.0
08.03.2016_116._Sitzung.txt,bert,0.0,0,17,37,0.0,0.0,0.0,0,13,7,0.0,0.0,0.0
08.03.2016_116._Sitzung.txt,distilbert,0.017241379310344827,1,20,36,0.047619047619047616,0.02702702702702703,0.034482758620689655,0,5,7,0.0,0.0,0.0
08.05.2003_16._Sitzung.txt,rule_based,0.9444444444444444,12,2,1,0.8571428571428571,0.9230769230769231,0.888888888888889,10,0,0,1.0,1.0,1.0
08.05.2003_16._Sitzung.txt,flair,0.11538461538461539,3,10,10,0.23076923076923078,0.23076923076923078,0.23076923076923078,0,2,10,0.0,0.0,0.0
08.05.2003_16._Sitzung.txt,spacy,0.4391534391534392,8,6,5,0.5714285714285714,0.6153846153846154,0.5925925925925927,3,8,7,0.2727272727272727,0.3,0.28571428571428564
08.05.2003_16._Sitzung.txt,improved_spacy,0.603988603988604,8,6,5,0.5714285714285714,0.6153846153846154,0.5925925925925927,8,8,2,0.5,0.8,0.6153846153846154
08.05.2003_16._Sitzung.txt,bert,0.1125,1,6,12,0.14285714285714285,0.07692307692307693,0.1,1,5,9,0.16666666666666666,0.1,0.125
08.05.2003_16._Sitzung.txt,distilbert,0.1142857142857143,1,7,12,0.125,0.07692307692307693,0.09523809523809525,1,4,9,0.2,0.1,0.13333333333333333
08.06.2015_78._Sitzung.txt,rule_based,0.12941176470588234,1,39,44,0.025,0.022222222222222223,0.023529411764705882,2,5,8,0.2857142857142857,0.2,0.23529411764705882
08.06.2015_78._Sitzung.txt,flair,0.01282051282051282,1,32,44,0.030303030303030304,0.022222222222222223,0.02564102564102564,0,6,10,0.0,0.0,0.0
08.06.2015_78._Sitzung.txt,spacy,0.013513513513513513,1,28,44,0.034482758620689655,0.022222222222222223,0.027027027027027025,0,27,10,0.0,0.0,0.0
08.06.2015_78._Sitzung.txt,improved_spacy,0.013513513513513513,1,28,44,0.034482758620689655,0.022222222222222223,0.027027027027027025,0,27,10,0.0,0.0,0.0
08.06.2015_78._Sitzung.txt,bert,0.026666666666666672,2,28,43,0.06666666666666667,0.044444444444444446,0.053333333333333344,0,8,10,0.0,0.0,0.0
08.06.2015_78._Sitzung.txt,distilbert,0.05416666666666667,1,34,44,0.02857142857142857,0.022222222222222223,0.025,1,13,9,0.07142857142857142,0.1,0.08333333333333333
09.11.2016_151._Sitzung.txt,rule_based,0.7591575091575091,25,21,13,0.5434782608695652,0.6578947368421053,0.5952380952380952,6,0,1,1.0,0.8571428571428571,0.923076923076923
09.11.2016_151._Sitzung.txt,flair,0.23684210526315788,18,20,20,0.47368421052631576,0.47368421052631576,0.47368421052631576,0,5,7,0.0,0.0,0.0
09.11.2016_151._Sitzung.txt,spacy,0.4361904761904762,22,15,16,0.5945945945945946,0.5789473684210527,0.5866666666666667,4,17,3,0.19047619047619047,0.5714285714285714,0.2857142857142857
09.11.2016_151._Sitzung.txt,improved_spacy,0.4361904761904762,22,15,16,0.5945945945945946,0.5789473684210527,0.5866666666666667,4,17,3,0.19047619047619047,0.5714285714285714,0.2857142857142857
09.11.2016_151._Sitzung.txt,bert,0.4676190476190476,19,18,19,0.5135135135135135,0.5,0.5066666666666666,3,4,4,0.42857142857142855,0.42857142857142855,0.42857142857142855
09.11.2016_151._Sitzung.txt,distilbert,0.27350427350427353,17,23,21,0.425,0.4473684210526316,0.4358974358974359,1,10,6,0.09090909090909091,0.14285714285714285,0.1111111111111111
09.12.2015_108._Sitzung.txt,rule_based,0.7486631016042781,15,12,9,0.5555555555555556,0.625,0.5882352941176471,5,0,1,1.0,0.8333333333333334,0.9090909090909091
09.12.2015_108._Sitzung.txt,flair,0.17391304347826086,8,14,16,0.36363636363636365,0.3333333333333333,0.34782608695652173,0,3,6,0.0,0.0,0.0
09.12.2015_108._Sitzung.txt,spacy,0.5048335123523093,17,8,7,0.68,0.7083333333333334,0.6938775510204083,3,10,3,0.23076923076923078,0.5,0.3157894736842105
09.12.2015_108._Sitzung.txt,improved_spacy,0.5048335123523093,17,8,7,0.68,0.7083333333333334,0.6938775510204083,3,10,3,0.23076923076923078,0.5,0.3157894736842105
09.12.2015_108._Sitzung.txt,bert,0.028571428571428574,1,10,23,0.09090909090909091,0.041666666666666664,0.05714285714285715,0,8,6,0.0,0.0,0.0
09.12.2015_108._Sitzung.txt,distilbert,0.058823529411764705,2,8,22,0.2,0.08333333333333333,0.11764705882352941,0,4,6,0.0,0.0,0.0
10.02.2000_10._Sitzung.txt,rule_based,0.7285714285714284,9,8,4,0.5294117647058824,0.6923076923076923,0.5999999999999999,3,1,0,0.75,1.0,0.8571428571428571
10.02.2000_10._Sitzung.txt,flair,0.038461538461538464,1,12,12,0.07692307692307693,0.07692307692307693,0.07692307692307693,0,4,3,0.0,0.0,0.0
10.02.2000_10._Sitzung.txt,spacy,0.4314285714285714,9,3,4,0.75,0.6923076923076923,0.7199999999999999,1,10,2,0.09090909090909091,0.3333333333333333,0.14285714285714288
10.02.2000_10._Sitzung.txt,improved_spacy,0.4314285714285714,9,3,4,0.75,0.6923076923076923,0.7199999999999999,1,10,2,0.09090909090909091,0.3333333333333333,0.14285714285714288
10.02.2000_10._Sitzung.txt,bert,0.3143939393939394,1,10,12,0.09090909090909091,0.07692307692307693,0.08333333333333334,3,5,0,0.375,1.0,0.5454545454545454
10.02.2000_10._Sitzung.txt,distilbert,0.24000000000000002,1,11,12,0.08333333333333333,0.07692307692307693,0.08,1,1,2,0.5,0.3333333333333333,0.4
10.02.2004_49._Sitzung.txt,rule_based,0.2338935574229692,1,28,21,0.034482758620689655,0.045454545454545456,0.0392156862745098,3,3,5,0.5,0.375,0.42857142857142855
10.02.2004_49._Sitzung.txt,flair,0.09090909090909091,0,22,22,0.0,0.0,0.0,1,2,7,0.3333333333333333,0.125,0.18181818181818182
10.02.2004_49._Sitzung.txt,spacy,0.11849390919158362,1,20,21,0.047619047619047616,0.045454545454545456,0.046511627906976744,2,11,6,0.15384615384615385,0.25,0.1904761904761905
10.02.2004_49._Sitzung.txt,improved_spacy,0.11849390919158362,1,20,21,0.047619047619047616,0.045454545454545456,0.046511627906976744,2,11,6,0.15384615384615385,0.25,0.1904761904761905
10.02.2004_49._Sitzung.txt,bert,0.16666666666666663,0,11,22,0.0,0.0,0.0,3,7,5,0.3,0.375,0.33333333333333326
10.02.2004_49._Sitzung.txt,distilbert,0.07142857142857144,0,12,22,0.0,0.0,0.0,1,5,7,0.16666666666666666,0.125,0.14285714285714288
10.10.2007_34._Sitzung.txt,rule_based,0.712484237074401,20,13,8,0.6060606060606061,0.7142857142857143,0.6557377049180327,5,0,3,1.0,0.625,0.7692307692307693
10.10.2007_34._Sitzung.txt,flair,0.43636363636363634,14,13,14,0.5185185185185185,0.5,0.509090909090909,2,1,6,0.6666666666666666,0.25,0.36363636363636365
10.10.2007_34._Sitzung.txt,spacy,0.48924731182795694,20,14,8,0.5882352941176471,0.7142857142857143,0.6451612903225806,3,7,5,0.3,0.375,0.33333333333333326
10.10.2007_34._Sitzung.txt,improved_spacy,0.533106960950764,20,14,8,0.5882352941176471,0.7142857142857143,0.6451612903225806,4,7,4,0.36363636363636365,0.5,0.4210526315789474
10.10.2007_34._Sitzung.txt,bert,0.4552590266875981,11,10,17,0.5238095238095238,0.39285714285714285,0.4489795918367347,3,2,5,0.6,0.375,0.4615384615384615
10.10.2007_34._Sitzung.txt,distilbert,0.2908805031446541,11,14,17,0.44,0.39285714285714285,0.4150943396226415,1,3,7,0.25,0.125,0.16666666666666666
10.11.2016_153._Sitzung.txt,rule_based,0.218348623853211,2,55,50,0.03508771929824561,0.038461538461538464,0.03669724770642201,3,4,5,0.42857142857142855,0.375,0.39999999999999997
10.11.2016_153._Sitzung.txt,flair,0.02197802197802198,2,37,50,0.05128205128205128,0.038461538461538464,0.04395604395604396,0,12,8,0.0,0.0,0.0
10.11.2016_153._Sitzung.txt,spacy,0.048538011695906436,2,36,50,0.05263157894736842,0.038461538461538464,0.044444444444444446,1,29,7,0.03333333333333333,0.125,0.052631578947368425
10.11.2016_153._Sitzung.txt,improved_spacy,0.048538011695906436,2,36,50,0.05263157894736842,0.038461538461538464,0.044444444444444446,1,29,7,0.03333333333333333,0.125,0.052631578947368425
10.11.2016_153._Sitzung.txt,bert,0.019230769230769232,2,50,50,0.038461538461538464,0.038461538461538464,0.038461538461538464,0,31,8,0.0,0.0,0.0
10.11.2016_153._Sitzung.txt,distilbert,0.010416666666666668,1,43,51,0.022727272727272728,0.019230769230769232,0.020833333333333336,0,12,8,0.0,0.0,0.0
11.11.2015_101._Sitzung.txt,rule_based,0.26639344262295084,1,32,27,0.030303030303030304,0.03571428571428571,0.03278688524590164,4,3,5,0.5714285714285714,0.4444444444444444,0.5
11.11.2015_101._Sitzung.txt,flair,0.017857142857142856,1,27,27,0.03571428571428571,0.03571428571428571,0.03571428571428571,0,3,9,0.0,0.0,0.0
11.11.2015_101._Sitzung.txt,spacy,0.05818181818181818,1,26,27,0.037037037037037035,0.03571428571428571,0.03636363636363636,1,15,8,0.0625,0.1111111111111111,0.08
11.11.2015_101._Sitzung.txt,improved_spacy,0.05818181818181818,1,26,27,0.037037037037037035,0.03571428571428571,0.03636363636363636,1,15,8,0.0625,0.1111111111111111,0.08
11.11.2015_101._Sitzung.txt,bert,0.10096153846153846,2,22,26,0.08333333333333333,0.07142857142857142,0.07692307692307691,1,6,8,0.14285714285714285,0.1111111111111111,0.125
11.11.2015_101._Sitzung.txt,distilbert,0.017857142857142856,1,27,27,0.03571428571428571,0.03571428571428571,0.03571428571428571,0,8,9,0.0,0.0,0.0
11.12.2014_56._Sitzung.txt,rule_based,0.8734939759036144,31,13,8,0.7045454545454546,0.7948717948717948,0.746987951807229,6,0,0,1.0,1.0,1.0
11.12.2014_56._Sitzung.txt,flair,0.2564102564102564,20,19,19,0.5128205128205128,0.5128205128205128,0.5128205128205128,0,6,6,0.0,0.0,0.0
11.12.2014_56._Sitzung.txt,spacy,0.5008818342151676,29,13,10,0.6904761904761905,0.7435897435897436,0.7160493827160495,4,18,2,0.18181818181818182,0.6666666666666666,0.28571428571428575
11.12.2014_56._Sitzung.txt,improved_spacy,0.5008818342151676,29,13,10,0.6904761904761905,0.7435897435897436,0.7160493827160495,4,18,2,0.18181818181818182,0.6666666666666666,0.28571428571428575
11.12.2014_56._Sitzung.txt,bert,0.3364978902953586,20,20,19,0.5,0.5128205128205128,0.5063291139240506,1,5,5,0.16666666666666666,0.16666666666666666,0.16666666666666666
11.12.2014_56._Sitzung.txt,distilbert,0.3302564102564103,19,17,20,0.5277777777777778,0.48717948717948717,0.5066666666666667,1,6,5,0.14285714285714285,0.16666666666666666,0.15384615384615383
11.12.2018_54._Sitzung.txt,rule_based,0.9038461538461539,21,6,4,0.7777777777777778,0.84,0.8076923076923077,6,0,0,1.0,1.0,1.0
11.12.2018_54._Sitzung.txt,flair,0.32,16,9,9,0.64,0.64,0.64,0,6,6,0.0,0.0,0.0
11.12.2018_54._Sitzung.txt,spacy,0.46187363834422657,16,10,9,0.6153846153846154,0.64,0.6274509803921569,4,17,2,0.19047619047619047,0.6666666666666666,0.2962962962962963
11.12.2018_54._Sitzung.txt,improved_spacy,0.46187363834422657,16,10,9,0.6153846153846154,0.64,0.6274509803921569,4,17,2,0.19047619047619047,0.6666666666666666,0.2962962962962963
11.12.2018_54._Sitzung.txt,bert,0.35403726708074534,13,8,12,0.6190476190476191,0.52,0.5652173913043478,1,7,5,0.125,0.16666666666666666,0.14285714285714288
11.12.2018_54._Sitzung.txt,distilbert,0.27659574468085113,13,9,12,0.5909090909090909,0.52,0.5531914893617023,0,2,6,0.0,0.0,0.0
12.10.2011_123._Sitzung.txt,rule_based,0.8770491803278688,23,10,5,0.696969696969697,0.8214285714285714,0.7540983606557378,6,0,0,1.0,1.0,1.0
12.10.2011_123._Sitzung.txt,flair,0.23214285714285715,13,15,15,0.4642857142857143,0.4642857142857143,0.4642857142857143,0,4,6,0.0,0.0,0.0
12.10.2011_123._Sitzung.txt,spacy,0.5381355932203389,17,14,11,0.5483870967741935,0.6071428571428571,0.5762711864406779,4,6,2,0.4,0.6666666666666666,0.5
12.10.2011_123._Sitzung.txt,improved_spacy,0.5381355932203389,17,14,11,0.5483870967741935,0.6071428571428571,0.5762711864406779,4,6,2,0.4,0.6666666666666666,0.5
12.10.2011_123._Sitzung.txt,bert,0.3902097902097902,13,14,15,0.48148148148148145,0.4642857142857143,0.4727272727272727,2,5,4,0.2857142857142857,0.3333333333333333,0.30769230769230765
12.10.2011_123._Sitzung.txt,distilbert,0.2532467532467533,10,17,18,0.37037037037037035,0.35714285714285715,0.36363636363636365,1,7,5,0.125,0.16666666666666666,0.14285714285714288
12.11.2015_103._Sitzung.txt,rule_based,0.1492063492063492,1,29,32,0.03333333333333333,0.030303030303030304,0.03174603174603175,2,4,7,0.3333333333333333,0.2222222222222222,0.26666666666666666
12.11.2015_103._Sitzung.txt,flair,0.01612903225806452,1,28,32,0.034482758620689655,0.030303030303030304,0.03225806451612904,0,5,9,0.0,0.0,0.0
12.11.2015_103._Sitzung.txt,spacy,0.016666666666666666,1,26,32,0.037037037037037035,0.030303030303030304,0.03333333333333333,0,19,9,0.0,0.0,0.0
12.11.2015_103._Sitzung.txt,improved_spacy,0.016666666666666666,1,26,32,0.037037037037037035,0.030303030303030304,0.03333333333333333,0,19,9,0.0,0.0,0.0
12.11.2015_103._Sitzung.txt,bert,0.0,0,19,33,0.0,0.0,0.0,0,11,9,0.0,0.0,0.0
12.11.2015_103._Sitzung.txt,distilbert,0.01886792452830189,1,19,32,0.05,0.030303030303030304,0.03773584905660378,0,10,9,0.0,0.0,0.0
13.01.2004_44._Sitzung.txt,rule_based,0.18448275862068964,2,26,28,0.07142857142857142,0.06666666666666667,0.0689655172413793,3,4,10,0.42857142857142855,0.23076923076923078,0.3
13.01.2004_44._Sitzung.txt,flair,0.04761904761904762,0,21,30,0.0,0.0,0.0,1,7,12,0.125,0.07692307692307693,0.09523809523809525
13.01.2004_44._Sitzung.txt,spacy,0.04976851851851852,1,23,29,0.041666666666666664,0.03333333333333333,0.037037037037037035,1,18,12,0.05263157894736842,0.07692307692307693,0.0625
13.01.2004_44._Sitzung.txt,improved_spacy,0.04976851851851852,1,23,29,0.041666666666666664,0.03333333333333333,0.037037037037037035,1,18,12,0.05263157894736842,0.07692307692307693,0.0625
13.01.2004_44._Sitzung.txt,bert,0.0,0,18,30,0.0,0.0,0.0,0,13,13,0.0,0.0,0.0
13.01.2004_44._Sitzung.txt,distilbert,0.05263157894736842,0,20,30,0.0,0.0,0.0,1,5,12,0.16666666666666666,0.07692307692307693,0.10526315789473684
13.06.2002_108._Sitzung.txt,rule_based,0.7846153846153846,25,10,5,0.7142857142857143,0.8333333333333334,0.7692307692307692,6,0,3,1.0,0.6666666666666666,0.8
13.06.2002_108._Sitzung.txt,flair,0.16666666666666666,10,20,20,0.3333333333333333,0.3333333333333333,0.3333333333333333,0,7,9,0.0,0.0,0.0
13.06.2002_108._Sitzung.txt,spacy,0.5529634300126103,22,9,8,0.7096774193548387,0.7333333333333333,0.7213114754098361,5,12,4,0.29411764705882354,0.5555555555555556,0.3846153846153846
13.06.2002_108._Sitzung.txt,improved_spacy,0.5529634300126103,22,9,8,0.7096774193548387,0.7333333333333333,0.7213114754098361,5,12,4,0.29411764705882354,0.5555555555555556,0.3846153846153846
13.06.2002_108._Sitzung.txt,bert,0.37181663837011886,10,22,20,0.3125,0.3333333333333333,0.3225806451612903,4,6,5,0.4,0.4444444444444444,0.4210526315789474
13.06.2002_108._Sitzung.txt,distilbert,0.310752688172043,11,21,19,0.34375,0.36666666666666664,0.3548387096774193,2,4,7,0.3333333333333333,0.2222222222222222,0.26666666666666666
13.06.2018_30._Sitzung.txt,rule_based,0.5538461538461539,10,3,2,0.7692307692307693,0.8333333333333334,0.8,2,3,6,0.4,0.25,0.3076923076923077
13.06.2018_30._Sitzung.txt,flair,0.4583333333333333,9,3,3,0.75,0.75,0.75,1,3,7,0.25,0.125,0.16666666666666666
13.06.2018_30._Sitzung.txt,spacy,0.4957264957264957,10,4,2,0.7142857142857143,0.8333333333333334,0.7692307692307692,2,8,6,0.2,0.25,0.22222222222222224
13.06.2018_30._Sitzung.txt,improved_spacy,0.4957264957264957,10,4,2,0.7142857142857143,0.8333333333333334,0.7692307692307692,2,8,6,0.2,0.25,0.22222222222222224
13.06.2018_30._Sitzung.txt,bert,0.4375,9,3,3,0.75,0.75,0.75,1,7,7,0.125,0.125,0.125
13.06.2018_30._Sitzung.txt,distilbert,0.44333333333333325,9,4,3,0.6923076923076923,0.75,0.7199999999999999,1,3,7,0.25,0.125,0.16666666666666666
13.09.2011_117._Sitzung.txt,rule_based,0.7614942528735632,10,6,3,0.625,0.7692307692307693,0.6896551724137931,5,0,2,1.0,0.7142857142857143,0.8333333333333333
13.09.2011_117._Sitzung.txt,flair,0.5128205128205128,9,4,4,0.6923076923076923,0.6923076923076923,0.6923076923076923,2,3,5,0.4,0.2857142857142857,0.3333333333333333
13.09.2011_117._Sitzung.txt,spacy,0.6728778467908904,10,0,3,1.0,0.7692307692307693,0.8695652173913044,5,9,2,0.35714285714285715,0.7142857142857143,0.4761904761904762
13.09.2011_117._Sitzung.txt,improved_spacy,0.6728778467908904,10,0,3,1.0,0.7692307692307693,0.8695652173913044,5,9,2,0.35714285714285715,0.7142857142857143,0.4761904761904762
13.09.2011_117._Sitzung.txt,bert,0.16776315789473684,1,2,12,0.3333333333333333,0.07692307692307693,0.125,2,10,5,0.16666666666666666,0.2857142857142857,0.2105263157894737
13.09.2011_117._Sitzung.txt,distilbert,0.1945701357466063,2,2,11,0.5,0.15384615384615385,0.23529411764705882,1,5,6,0.16666666666666666,0.14285714285714285,0.15384615384615383
13.09.2016_143._Sitzung.txt,rule_based,0.6138888888888889,25,12,10,0.6756756756756757,0.7142857142857143,0.6944444444444444,4,3,4,0.5714285714285714,0.5,0.5333333333333333
13.09.2016_143._Sitzung.txt,flair,0.3484848484848485,17,14,18,0.5483870967741935,0.4857142857142857,0.5151515151515151,1,2,7,0.3333333333333333,0.125,0.18181818181818182
13.09.2016_143._Sitzung.txt,spacy,0.45072115384615374,19,10,16,0.6551724137931034,0.5428571428571428,0.5937499999999999,4,14,4,0.2222222222222222,0.5,0.30769230769230765
13.09.2016_143._Sitzung.txt,improved_spacy,0.45072115384615374,19,10,16,0.6551724137931034,0.5428571428571428,0.5937499999999999,4,14,4,0.2222222222222222,0.5,0.30769230769230765
13.09.2016_143._Sitzung.txt,bert,0.3650793650793651,8,13,27,0.38095238095238093,0.22857142857142856,0.2857142857142857,4,6,4,0.4,0.5,0.4444444444444445
13.09.2016_143._Sitzung.txt,distilbert,0.25620655412115195,8,10,27,0.4444444444444444,0.22857142857142856,0.3018867924528302,2,9,6,0.18181818181818182,0.25,0.2105263157894737
13.11.2003_39._Sitzung.txt,rule_based,0.5594237695078031,13,13,10,0.5,0.5652173913043478,0.5306122448979592,5,4,3,0.5555555555555556,0.625,0.5882352941176471
13.11.2003_39._Sitzung.txt,flair,0.09523809523809525,4,15,19,0.21052631578947367,0.17391304347826086,0.1904761904761905,0,6,8,0.0,0.0,0.0
13.11.2003_39._Sitzung.txt,spacy,0.33989266547406083,8,12,15,0.4,0.34782608695652173,0.37209302325581395,4,14,4,0.2222222222222222,0.5,0.30769230769230765
13.11.2003_39._Sitzung.txt,improved_spacy,0.37123169681309215,8,12,15,0.4,0.34782608695652173,0.37209302325581395,5,14,3,0.2631578947368421,0.625,0.37037037037037035
13.11.2003_39._Sitzung.txt,bert,0.1873873873873874,2,12,21,0.14285714285714285,0.08695652173913043,0.1081081081081081,2,5,6,0.2857142857142857,0.25,0.26666666666666666
13.11.2003_39._Sitzung.txt,distilbert,0.10960960960960961,2,12,21,0.14285714285714285,0.08695652173913043,0.1081081081081081,1,9,7,0.1,0.125,0.11111111111111112
14.01.2015_58._Sitzung.txt,rule_based,0.9143686502177069,24,3,2,0.8888888888888888,0.9230769230769231,0.9056603773584906,6,1,0,0.8571428571428571,1.0,0.923076923076923
14.01.2015_58._Sitzung.txt,flair,0.3584905660377358,19,8,7,0.7037037037037037,0.7307692307692307,0.7169811320754716,0,6,6,0.0,0.0,0.0
14.01.2015_58._Sitzung.txt,spacy,0.49122807017543857,15,4,11,0.7894736842105263,0.5769230769230769,0.6666666666666666,3,10,3,0.23076923076923078,0.5,0.3157894736842105
14.01.2015_58._Sitzung.txt,improved_spacy,0.49122807017543857,15,4,11,0.7894736842105263,0.5769230769230769,0.6666666666666666,3,10,3,0.23076923076923078,0.5,0.3157894736842105
14.01.2015_58._Sitzung.txt,bert,0.12072072072072072,2,9,24,0.18181818181818182,0.07692307692307693,0.10810810810810811,1,8,5,0.1111111111111111,0.16666666666666666,0.13333333333333333
14.01.2015_58._Sitzung.txt,distilbert,0.16216216216216214,6,5,20,0.5454545454545454,0.23076923076923078,0.3243243243243243,0,7,6,0.0,0.0,0.0
14.01.2021_78._Sitzung.txt,rule_based,0.9388111888111887,21,1,1,0.9545454545454546,0.9545454545454546,0.9545454545454546,6,0,1,1.0,0.8571428571428571,0.923076923076923
14.01.2021_78._Sitzung.txt,flair,0.18181818181818182,8,14,14,0.36363636363636365,0.36363636363636365,0.36363636363636365,0,9,7,0.0,0.0,0.0
14.01.2021_78._Sitzung.txt,spacy,0.532733224222586,16,9,6,0.64,0.7272727272727273,0.6808510638297872,5,14,2,0.2631578947368421,0.7142857142857143,0.3846153846153846
14.01.2021_78._Sitzung.txt,improved_spacy,0.532733224222586,16,9,6,0.64,0.7272727272727273,0.6808510638297872,5,14,2,0.2631578947368421,0.7142857142857143,0.3846153846153846
14.01.2021_78._Sitzung.txt,bert,0.23678861788617886,8,11,14,0.42105263157894735,0.36363636363636365,0.3902439024390244,1,16,6,0.058823529411764705,0.14285714285714285,0.08333333333333333
14.01.2021_78._Sitzung.txt,distilbert,0.37346101231190154,11,10,11,0.5238095238095238,0.5,0.5116279069767442,2,8,5,0.2,0.2857142857142857,0.23529411764705882
14.03.2020_15._Sitzung.txt,rule_based,0.8130434782608696,19,5,3,0.7916666666666666,0.8636363636363636,0.8260869565217391,4,1,1,0.8,0.8,0.8000000000000002
14.03.2020_15._Sitzung.txt,flair,0.1590909090909091,7,15,15,0.3181818181818182,0.3181818181818182,0.3181818181818182,0,1,5,0.0,0.0,0.0
14.03.2020_15._Sitzung.txt,spacy,0.4552590266875981,11,16,11,0.4074074074074074,0.5,0.44897959183673464,3,5,2,0.375,0.6,0.4615384615384615
14.03.2020_15._Sitzung.txt,improved_spacy,0.4552590266875981,11,16,11,0.4074074074074074,0.5,0.44897959183673464,3,5,2,0.375,0.6,0.4615384615384615
14.03.2020_15._Sitzung.txt,bert,0.17500000000000002,7,11,15,0.3888888888888889,0.3181818181818182,0.35000000000000003,0,2,5,0.0,0.0,0.0
14.03.2020_15._Sitzung.txt,distilbert,0.16666666666666666,7,13,15,0.35,0.3181818181818182,0.3333333333333333,0,5,5,0.0,0.0,0.0
14.10.2004_80._Sitzung.txt,rule_based,0.7878787878787878,8,6,2,0.5714285714285714,0.8,0.6666666666666666,5,0,1,1.0,0.8333333333333334,0.9090909090909091
14.10.2004_80._Sitzung.txt,flair,0.15,3,7,7,0.3,0.3,0.3,0,0,6,0.0,0.0,0.0
14.10.2004_80._Sitzung.txt,spacy,0.6785714285714286,9,2,1,0.8181818181818182,0.9,0.8571428571428572,3,3,3,0.5,0.5,0.5
14.10.2004_80._Sitzung.txt,improved_spacy,0.6785714285714286,9,2,1,0.8181818181818182,0.9,0.8571428571428572,3,3,3,0.5,0.5,0.5
14.10.2004_80._Sitzung.txt,bert,0.3269230769230769,1,2,9,0.3333333333333333,0.1,0.15384615384615383,3,3,3,0.5,0.5,0.5
14.10.2004_80._Sitzung.txt,distilbert,0.07692307692307691,1,2,9,0.3333333333333333,0.1,0.15384615384615383,0,1,6,0.0,0.0,0.0
15.11.2011_131._Sitzung.txt,rule_based,0.8409090909090908,15,9,5,0.625,0.75,0.6818181818181818,6,0,0,1.0,1.0,1.0
15.11.2011_131._Sitzung.txt,flair,0.15384615384615385,6,13,14,0.3157894736842105,0.3,0.3076923076923077,0,2,6,0.0,0.0,0.0
15.11.2011_131._Sitzung.txt,spacy,0.4832535885167464,12,12,8,0.5,0.6,0.5454545454545454,4,9,2,0.3076923076923077,0.6666666666666666,0.42105263157894735
15.11.2011_131._Sitzung.txt,improved_spacy,0.4832535885167464,12,12,8,0.5,0.6,0.5454545454545454,4,9,2,0.3076923076923077,0.6666666666666666,0.42105263157894735
15.11.2011_131._Sitzung.txt,bert,0.23660714285714285,3,9,17,0.25,0.15,0.18749999999999997,2,6,4,0.25,0.3333333333333333,0.28571428571428575
15.11.2011_131._Sitzung.txt,distilbert,0.16233766233766236,3,10,17,0.23076923076923078,0.15,0.18181818181818185,1,7,5,0.125,0.16666666666666666,0.14285714285714288
15.12.1999_5._Sitzung.txt,rule_based,0.4444444444444444,11,14,9,0.44,0.55,0.48888888888888893,3,4,5,0.42857142857142855,0.375,0.39999999999999997
15.12.1999_5._Sitzung.txt,flair,0.2159090909090909,5,15,15,0.25,0.25,0.25,1,2,7,0.3333333333333333,0.125,0.18181818181818182
15.12.1999_5._Sitzung.txt,spacy,0.2555555555555556,8,12,12,0.4,0.4,0.4000000000000001,1,9,7,0.1,0.125,0.11111111111111112
15.12.1999_5._Sitzung.txt,improved_spacy,0.2526315789473685,8,12,12,0.4,0.4,0.4000000000000001,1,10,7,0.09090909090909091,0.125,0.10526315789473685
15.12.1999_5._Sitzung.txt,bert,0.29006410256410253,4,15,16,0.21052631578947367,0.2,0.20512820512820512,3,5,5,0.375,0.375,0.375
15.12.1999_5._Sitzung.txt,distilbert,0.19144144144144143,4,13,16,0.23529411764705882,0.2,0.2162162162162162,1,3,7,0.25,0.125,0.16666666666666666
16.10.2012_174._Sitzung.txt,rule_based,0.24651162790697675,2,19,20,0.09523809523809523,0.09090909090909091,0.09302325581395349,3,3,6,0.5,0.3333333333333333,0.4
16.10.2012_174._Sitzung.txt,flair,0.02380952380952381,1,19,21,0.05,0.045454545454545456,0.04761904761904762,0,2,9,0.0,0.0,0.0
16.10.2012_174._Sitzung.txt,spacy,0.10823311748381129,1,24,21,0.04,0.045454545454545456,0.0425531914893617,2,12,7,0.14285714285714285,0.2222222222222222,0.17391304347826086
16.10.2012_174._Sitzung.txt,improved_spacy,0.10823311748381129,1,24,21,0.04,0.045454545454545456,0.0425531914893617,2,12,7,0.14285714285714285,0.2222222222222222,0.17391304347826086
16.10.2012_174._Sitzung.txt,bert,0.0625,0,15,22,0.0,0.0,0.0,1,6,8,0.14285714285714285,0.1111111111111111,0.125
16.10.2012_174._Sitzung.txt,distilbert,0.0,0,18,22,0.0,0.0,0.0,0,3,9,0.0,0.0,0.0
16.11.2012_183._Sitzung.txt,rule_based,0.7878787878787878,5,3,2,0.625,0.7142857142857143,0.6666666666666666,5,0,1,1.0,0.8333333333333334,0.9090909090909091
16.11.2012_183._Sitzung.txt,flair,0.46825396825396826,5,2,2,0.7142857142857143,0.7142857142857143,0.7142857142857143,1,2,5,0.3333333333333333,0.16666666666666666,0.2222222222222222
16.11.2012_183._Sitzung.txt,spacy,0.5576923076923077,4,2,3,0.6666666666666666,0.5714285714285714,0.6153846153846153,4,6,2,0.4,0.6666666666666666,0.5
16.11.2012_183._Sitzung.txt,improved_spacy,0.5576923076923077,4,2,3,0.6666666666666666,0.5714285714285714,0.6153846153846153,4,6,2,0.4,0.6666666666666666,0.5
16.11.2012_183._Sitzung.txt,bert,0.6071428571428572,5,2,2,0.7142857142857143,0.7142857142857143,0.7142857142857143,3,3,3,0.5,0.5,0.5
16.11.2012_183._Sitzung.txt,distilbert,0.5,5,2,2,0.7142857142857143,0.7142857142857143,0.7142857142857143,2,6,4,0.25,0.3333333333333333,0.28571428571428575
16.11.2018_48._Sitzung.txt,rule_based,0.7225806451612904,30,17,16,0.6382978723404256,0.6521739130434783,0.6451612903225806,6,0,3,1.0,0.6666666666666666,0.8
16.11.2018_48._Sitzung.txt,flair,0.2558139534883721,22,18,24,0.55,0.4782608695652174,0.5116279069767442,0,12,9,0.0,0.0,0.0
16.11.2018_48._Sitzung.txt,spacy,0.43939393939393945,28,14,18,0.6666666666666666,0.6086956521739131,0.6363636363636365,4,20,5,0.16666666666666666,0.4444444444444444,0.24242424242424243
16.11.2018_48._Sitzung.txt,improved_spacy,0.43939393939393945,28,14,18,0.6666666666666666,0.6086956521739131,0.6363636363636365,4,20,5,0.16666666666666666,0.4444444444444444,0.24242424242424243
16.11.2018_48._Sitzung.txt,bert,0.25079533404029697,17,19,29,0.4722222222222222,0.3695652173913043,0.41463414634146345,1,13,8,0.07142857142857142,0.1111111111111111,0.08695652173913043
16.11.2018_48._Sitzung.txt,distilbert,0.20731707317073172,17,19,29,0.4722222222222222,0.3695652173913043,0.41463414634146345,0,16,9,0.0,0.0,0.0
17.01.2007_10._Sitzung.txt,rule_based,0.8388888888888888,21,3,9,0.875,0.7,0.7777777777777777,9,0,2,1.0,0.8181818181818182,0.9
17.01.2007_10._Sitzung.txt,flair,0.11320754716981132,6,17,24,0.2608695652173913,0.2,0.22641509433962265,0,8,11,0.0,0.0,0.0
17.01.2007_10._Sitzung.txt,spacy,0.4982456140350877,17,10,13,0.6296296296296297,0.5666666666666667,0.5964912280701755,6,13,5,0.3157894736842105,0.5454545454545454,0.39999999999999997
17.01.2007_10._Sitzung.txt,improved_spacy,0.524052065647991,17,10,13,0.6296296296296297,0.5666666666666667,0.5964912280701755,7,13,4,0.35,0.6363636363636364,0.45161290322580644
17.01.2007_10._Sitzung.txt,bert,0.328042328042328,7,12,23,0.3684210526315789,0.23333333333333334,0.2857142857142857,5,11,6,0.3125,0.45454545454545453,0.3703703703703703
17.01.2007_10._Sitzung.txt,distilbert,0.10416666666666667,5,13,25,0.2777777777777778,0.16666666666666666,0.20833333333333334,0,6,11,0.0,0.0,0.0
17.03.2016_120._Sitzung.txt,rule_based,0.6797619047619048,32,26,15,0.5517241379310345,0.6808510638297872,0.6095238095238096,6,0,4,1.0,0.6,0.7499999999999999
17.03.2016_120._Sitzung.txt,flair,0.350383631713555,16,29,31,0.35555555555555557,0.3404255319148936,0.3478260869565218,3,4,7,0.42857142857142855,0.3,0.3529411764705882
17.03.2016_120._Sitzung.txt,spacy,0.5211670480549199,31,14,16,0.6888888888888889,0.6595744680851063,0.6739130434782609,7,21,3,0.25,0.7,0.3684210526315789
17.03.2016_120._Sitzung.txt,improved_spacy,0.5211670480549199,31,14,16,0.6888888888888889,0.6595744680851063,0.6739130434782609,7,21,3,0.25,0.7,0.3684210526315789
17.03.2016_120._Sitzung.txt,bert,0.27594627594627597,15,29,32,0.3409090909090909,0.3191489361702128,0.32967032967032966,2,6,8,0.25,0.2,0.22222222222222224
17.03.2016_120._Sitzung.txt,distilbert,0.3009020618556701,11,39,36,0.22,0.23404255319148937,0.2268041237113402,3,3,7,0.5,0.3,0.37499999999999994
17.05.2017_182._Sitzung.txt,rule_based,0.836764705882353,34,7,5,0.8292682926829268,0.8717948717948718,0.8500000000000001,7,0,3,1.0,0.7,0.8235294117647058
17.05.2017_182._Sitzung.txt,flair,0.3384262796027502,17,21,22,0.4473684210526316,0.4358974358974359,0.44155844155844154,2,5,8,0.2857142857142857,0.2,0.23529411764705882
17.05.2017_182._Sitzung.txt,spacy,0.44562334217506633,24,15,15,0.6153846153846154,0.6153846153846154,0.6153846153846154,4,15,6,0.21052631578947367,0.4,0.27586206896551724
17.05.2017_182._Sitzung.txt,improved_spacy,0.47435897435897434,24,15,15,0.6153846153846154,0.6153846153846154,0.6153846153846154,5,15,5,0.25,0.5,0.3333333333333333
17.05.2017_182._Sitzung.txt,bert,0.25,19,18,20,0.5135135135135135,0.48717948717948717,0.5,0,8,10,0.0,0.0,0.0
17.05.2017_182._Sitzung.txt,distilbert,0.2236842105263158,17,20,22,0.4594594594594595,0.4358974358974359,0.4473684210526316,0,14,10,0.0,0.0,0.0
17.05.2018_26._Sitzung.txt,rule_based,0.8333333333333333,19,13,6,0.59375,0.76,0.6666666666666666,6,0,0,1.0,1.0,1.0
17.05.2018_26._Sitzung.txt,flair,0.2549019607843137,13,13,12,0.5,0.52,0.5098039215686274,0,4,6,0.0,0.0,0.0
17.05.2018_26._Sitzung.txt,spacy,0.4318181818181818,14,17,11,0.45161290322580644,0.56,0.5,4,12,2,0.25,0.6666666666666666,0.36363636363636365
17.05.2018_26._Sitzung.txt,improved_spacy,0.4318181818181818,14,17,11,0.45161290322580644,0.56,0.5,4,12,2,0.25,0.6666666666666666,0.36363636363636365
17.05.2018_26._Sitzung.txt,bert,0.4891304347826087,11,10,14,0.5238095238095238,0.44,0.4782608695652174,3,3,3,0.5,0.5,0.5
17.05.2018_26._Sitzung.txt,distilbert,0.2916666666666667,14,9,11,0.6086956521739131,0.56,0.5833333333333334,0,6,6,0.0,0.0,0.0
17.06.2004_68._Sitzung.txt,rule_based,0.869639794168096,22,6,3,0.7857142857142857,0.88,0.830188679245283,5,0,1,1.0,0.8333333333333334,0.9090909090909091
17.06.2004_68._Sitzung.txt,flair,0.16,8,17,17,0.32,0.32,0.32,0,0,6,0.0,0.0,0.0
17.06.2004_68._Sitzung.txt,spacy,0.35416666666666663,9,20,16,0.3103448275862069,0.36,0.3333333333333333,3,7,3,0.3,0.5,0.37499999999999994
17.06.2004_68._Sitzung.txt,improved_spacy,0.35416666666666663,9,20,16,0.3103448275862069,0.36,0.3333333333333333,3,7,3,0.3,0.5,0.37499999999999994
17.06.2004_68._Sitzung.txt,bert,0.2708333333333333,5,18,20,0.21739130434782608,0.2,0.20833333333333331,2,4,4,0.3333333333333333,0.3333333333333333,0.3333333333333333
17.06.2004_68._Sitzung.txt,distilbert,0.22916666666666666,5,18,20,0.21739130434782608,0.2,0.20833333333333331,1,1,5,0.5,0.16666666666666666,0.25
17.10.2012_176._Sitzung.txt,rule_based,0.7380699893955462,16,5,4,0.7619047619047619,0.8,0.7804878048780488,8,0,7,1.0,0.5333333333333333,0.6956521739130436
17.10.2012_176._Sitzung.txt,flair,0.4147157190635452,6,13,14,0.3157894736842105,0.3,0.3076923076923077,6,2,9,0.75,0.4,0.5217391304347827
17.10.2012_176._Sitzung.txt,spacy,0.3526392961876833,7,17,13,0.2916666666666667,0.35,0.31818181818181823,6,10,9,0.375,0.4,0.38709677419354843
17.10.2012_176._Sitzung.txt,improved_spacy,0.3526392961876833,7,17,13,0.2916666666666667,0.35,0.31818181818181823,6,10,9,0.375,0.4,0.38709677419354843
17.10.2012_176._Sitzung.txt,bert,0.26918798665183535,3,8,17,0.2727272727272727,0.15,0.19354838709677416,5,9,10,0.35714285714285715,0.3333333333333333,0.3448275862068965
17.10.2012_176._Sitzung.txt,distilbert,0.28138528138528135,3,10,17,0.23076923076923078,0.15,0.18181818181818185,4,2,11,0.6666666666666666,0.26666666666666666,0.3809523809523809
17.11.2006_3._Sitzung.txt,rule_based,0.8059299191374663,20,9,4,0.6896551724137931,0.8333333333333334,0.7547169811320755,6,0,2,1.0,0.75,0.8571428571428571
17.11.2006_3._Sitzung.txt,flair,0.2777777777777778,8,16,16,0.3333333333333333,0.3333333333333333,0.3333333333333333,1,0,7,1.0,0.125,0.2222222222222222
17.11.2006_3._Sitzung.txt,spacy,0.5964912280701754,16,8,8,0.6666666666666666,0.6666666666666666,0.6666666666666666,5,6,3,0.45454545454545453,0.625,0.5263157894736842
17.11.2006_3._Sitzung.txt,improved_spacy,0.5964912280701754,16,8,8,0.6666666666666666,0.6666666666666666,0.6666666666666666,5,6,3,0.45454545454545453,0.625,0.5263157894736842
17.11.2006_3._Sitzung.txt,bert,0.27884615384615385,6,18,18,0.25,0.25,0.25,2,3,6,0.4,0.25,0.3076923076923077
17.11.2006_3._Sitzung.txt,distilbert,0.2789855072463768,9,13,15,0.4090909090909091,0.375,0.3913043478260869,1,3,7,0.25,0.125,0.16666666666666666
18.04.2002_102._Sitzung.txt,rule_based,0.76,18,10,4,0.6428571428571429,0.8181818181818182,0.7200000000000001,6,0,3,1.0,0.6666666666666666,0.8
18.04.2002_102._Sitzung.txt,flair,0.18181818181818182,8,14,14,0.36363636363636365,0.36363636363636365,0.36363636363636365,0,2,9,0.0,0.0,0.0
18.04.2002_102._Sitzung.txt,spacy,0.5741626794258373,16,6,6,0.7272727272727273,0.7272727272727273,0.7272727272727273,4,6,5,0.4,0.4444444444444444,0.4210526315789474
18.04.2002_102._Sitzung.txt,improved_spacy,0.5741626794258373,16,6,6,0.7272727272727273,0.7272727272727273,0.7272727272727273,4,6,5,0.4,0.4444444444444444,0.4210526315789474
18.04.2002_102._Sitzung.txt,bert,0.4395348837209302,6,15,16,0.2857142857142857,0.2727272727272727,0.2790697674418604,6,5,3,0.5454545454545454,0.6666666666666666,0.6
18.04.2002_102._Sitzung.txt,distilbert,0.3283302063789869,4,15,18,0.21052631578947367,0.18181818181818182,0.1951219512195122,3,1,6,0.75,0.3333333333333333,0.46153846153846156
18.09.2009_36._Sitzung.txt,rule_based,0.7785547785547786,26,9,5,0.7428571428571429,0.8387096774193549,0.787878787878788,5,0,3,1.0,0.625,0.7692307692307693
18.09.2009_36._Sitzung.txt,flair,0.2222222222222222,14,18,17,0.4375,0.45161290322580644,0.4444444444444444,0,0,8,0.0,0.0,0.0
18.09.2009_36._Sitzung.txt,spacy,0.44821731748726656,18,13,13,0.5806451612903226,0.5806451612903226,0.5806451612903226,3,8,5,0.2727272727272727,0.375,0.3157894736842105
18.09.2009_36._Sitzung.txt,improved_spacy,0.4903225806451613,18,13,13,0.5806451612903226,0.5806451612903226,0.5806451612903226,4,8,4,0.3333333333333333,0.5,0.4
18.09.2009_36._Sitzung.txt,bert,0.2806372549019608,5,12,26,0.29411764705882354,0.16129032258064516,0.20833333333333331,3,6,5,0.3333333333333333,0.375,0.35294117647058826
18.09.2009_36._Sitzung.txt,distilbert,0.2921589688506982,4,14,27,0.2222222222222222,0.12903225806451613,0.16326530612244897,4,7,4,0.36363636363636365,0.5,0.4210526315789474
18.11.2004_88._Sitzung.txt,rule_based,0.8846153846153846,10,4,2,0.7142857142857143,0.8333333333333334,0.7692307692307692,7,0,0,1.0,1.0,1.0
18.11.2004_88._Sitzung.txt,flair,0.08333333333333333,2,10,10,0.16666666666666666,0.16666666666666666,0.16666666666666666,0,2,7,0.0,0.0,0.0
18.11.2004_88._Sitzung.txt,spacy,0.6346153846153846,10,4,2,0.7142857142857143,0.8333333333333334,0.7692307692307692,4,5,3,0.4444444444444444,0.5714285714285714,0.5
18.11.2004_88._Sitzung.txt,improved_spacy,0.6787330316742081,10,4,2,0.7142857142857143,0.8333333333333334,0.7692307692307692,5,5,2,0.5,0.7142857142857143,0.588235294117647
18.11.2004_88._Sitzung.txt,bert,0.36796536796536794,2,7,10,0.2222222222222222,0.16666666666666666,0.1904761904761905,3,1,4,0.75,0.42857142857142855,0.5454545454545454
18.11.2004_88._Sitzung.txt,distilbert,0.20634920634920637,2,7,10,0.2222222222222222,0.16666666666666666,0.1904761904761905,1,1,6,0.5,0.14285714285714285,0.22222222222222224
19.01.2012_142._Sitzung.txt,rule_based,0.15952380952380954,1,30,28,0.03225806451612903,0.034482758620689655,0.03333333333333333,2,4,6,0.3333333333333333,0.25,0.28571428571428575
19.01.2012_142._Sitzung.txt,flair,0.0,0,27,29,0.0,0.0,0.0,0,3,8,0.0,0.0,0.0
19.01.2012_142._Sitzung.txt,spacy,0.01694915254237288,1,29,28,0.03333333333333333,0.034482758620689655,0.03389830508474576,0,11,8,0.0,0.0,0.0
19.01.2012_142._Sitzung.txt,improved_spacy,0.01694915254237288,1,29,28,0.03333333333333333,0.034482758620689655,0.03389830508474576,0,11,8,0.0,0.0,0.0
19.01.2012_142._Sitzung.txt,bert,0.0,0,27,29,0.0,0.0,0.0,0,12,8,0.0,0.0,0.0
19.01.2012_142._Sitzung.txt,distilbert,0.0,0,27,29,0.0,0.0,0.0,0,8,8,0.0,0.0,0.0
19.03.2018_14._Sitzung.txt,rule_based,0.8846153846153846,20,5,7,0.8,0.7407407407407407,0.7692307692307692,7,0,0,1.0,1.0,1.0
19.03.2018_14._Sitzung.txt,flair,0.32075471698113206,17,9,10,0.6538461538461539,0.6296296296296297,0.6415094339622641,0,1,7,0.0,0.0,0.0
19.03.2018_14._Sitzung.txt,spacy,0.6210407239819005,17,8,10,0.68,0.6296296296296297,0.6538461538461539,5,5,2,0.5,0.7142857142857143,0.588235294117647
19.03.2018_14._Sitzung.txt,improved_spacy,0.6210407239819005,17,8,10,0.68,0.6296296296296297,0.6538461538461539,5,5,2,0.5,0.7142857142857143,0.588235294117647
19.03.2018_14._Sitzung.txt,bert,0.25263157894736843,2,9,25,0.18181818181818182,0.07407407407407407,0.10526315789473684,2,1,5,0.6666666666666666,0.2857142857142857,0.4
19.03.2018_14._Sitzung.txt,distilbert,0.05128205128205128,2,10,25,0.16666666666666666,0.07407407407407407,0.10256410256410256,0,2,7,0.0,0.0,0.0
19.03.2020_18._Sitzung.txt,rule_based,0.5272727272727272,39,15,6,0.7222222222222222,0.8666666666666667,0.7878787878787877,2,4,7,0.3333333333333333,0.2222222222222222,0.26666666666666666
19.03.2020_18._Sitzung.txt,flair,0.16666666666666666,15,30,30,0.3333333333333333,0.3333333333333333,0.3333333333333333,0,4,9,0.0,0.0,0.0
19.03.2020_18._Sitzung.txt,spacy,0.36447733580018504,22,27,23,0.4489795918367347,0.4888888888888889,0.46808510638297873,3,11,6,0.21428571428571427,0.3333333333333333,0.2608695652173913
19.03.2020_18._Sitzung.txt,improved_spacy,0.36447733580018504,22,27,23,0.4489795918367347,0.4888888888888889,0.46808510638297873,3,11,6,0.21428571428571427,0.3333333333333333,0.2608695652173913
19.03.2020_18._Sitzung.txt,bert,0.1534090909090909,6,15,39,0.2857142857142857,0.13333333333333333,0.18181818181818182,1,6,8,0.14285714285714285,0.1111111111111111,0.125
19.03.2020_18._Sitzung.txt,distilbert,0.1972850678733032,9,11,36,0.45,0.2,0.27692307692307694,1,7,8,0.125,0.1111111111111111,0.11764705882352941
19.05.2009_22._Sitzung.txt,rule_based,0.8529411764705883,24,15,5,0.6153846153846154,0.8275862068965517,0.7058823529411765,6,0,0,1.0,1.0,1.0
19.05.2009_22._Sitzung.txt,flair,0.25423728813559326,15,15,14,0.5,0.5172413793103449,0.5084745762711865,0,10,6,0.0,0.0,0.0
19.05.2009_22._Sitzung.txt,spacy,0.44920634920634916,22,12,7,0.6470588235294118,0.7586206896551724,0.6984126984126984,3,21,3,0.125,0.5,0.2
19.05.2009_22._Sitzung.txt,improved_spacy,0.4782386072708653,22,12,7,0.6470588235294118,0.7586206896551724,0.6984126984126984,4,21,2,0.16,0.6666666666666666,0.25806451612903225
19.05.2009_22._Sitzung.txt,bert,0.4446969696969697,13,13,16,0.5,0.4482758620689655,0.4727272727272727,5,13,1,0.2777777777777778,0.8333333333333334,0.4166666666666667
19.05.2009_22._Sitzung.txt,distilbert,0.2767695099818512,13,16,16,0.4482758620689655,0.4482758620689655,0.4482758620689655,1,12,5,0.07692307692307693,0.16666666666666666,0.10526315789473684
19.08.2002_114._Sitzung.txt,rule_based,0.7703349282296651,12,11,3,0.5217391304347826,0.8,0.6315789473684211,5,0,1,1.0,0.8333333333333334,0.9090909090909091
19.08.2002_114._Sitzung.txt,flair,0.13333333333333333,4,11,11,0.26666666666666666,0.26666666666666666,0.26666666666666666,0,6,6,0.0,0.0,0.0
19.08.2002_114._Sitzung.txt,spacy,0.6280788177339902,12,2,3,0.8571428571428571,0.8,0.8275862068965518,3,5,3,0.375,0.5,0.42857142857142855
19.08.2002_114._Sitzung.txt,improved_spacy,0.6280788177339902,12,2,3,0.8571428571428571,0.8,0.8275862068965518,3,5,3,0.375,0.5,0.42857142857142855
19.08.2002_114._Sitzung.txt,bert,0.47126436781609193,4,10,11,0.2857142857142857,0.26666666666666666,0.2758620689655172,5,4,1,0.5555555555555556,0.8333333333333334,0.6666666666666667
19.08.2002_114._Sitzung.txt,distilbert,0.30459770114942525,4,10,11,0.2857142857142857,0.26666666666666666,0.2758620689655172,2,4,4,0.3333333333333333,0.3333333333333333,0.3333333333333333
19.09.2002_116._Sitzung.txt,rule_based,0.21988795518207283,1,18,14,0.05263157894736842,0.06666666666666667,0.058823529411764705,4,3,10,0.5714285714285714,0.2857142857142857,0.38095238095238093
19.09.2002_116._Sitzung.txt,flair,0.13636363636363635,0,15,15,0.0,0.0,0.0,3,5,11,0.375,0.21428571428571427,0.2727272727272727
19.09.2002_116._Sitzung.txt,spacy,0.17018909899888762,1,15,14,0.0625,0.06666666666666667,0.06451612903225808,4,11,10,0.26666666666666666,0.2857142857142857,0.2758620689655172
19.09.2002_116._Sitzung.txt,improved_spacy,0.17018909899888762,1,15,14,0.0625,0.06666666666666667,0.06451612903225808,4,11,10,0.26666666666666666,0.2857142857142857,0.2758620689655172
19.09.2002_116._Sitzung.txt,bert,0.23076923076923075,0,12,15,0.0,0.0,0.0,6,6,8,0.5,0.42857142857142855,0.4615384615384615
19.09.2002_116._Sitzung.txt,distilbert,0.09090909090909091,0,11,15,0.0,0.0,0.0,2,6,12,0.25,0.14285714285714285,0.18181818181818182
19.10.2000_42._Sitzung.txt,rule_based,0.9285714285714286,27,6,3,0.8181818181818182,0.9,0.8571428571428572,7,0,0,1.0,1.0,1.0
19.10.2000_42._Sitzung.txt,flair,0.18333333333333332,11,19,19,0.36666666666666664,0.36666666666666664,0.36666666666666664,0,2,7,0.0,0.0,0.0
19.10.2000_42._Sitzung.txt,spacy,0.55,21,9,9,0.7,0.7,0.7,4,9,3,0.3076923076923077,0.5714285714285714,0.4
19.10.2000_42._Sitzung.txt,improved_spacy,0.5880952380952381,21,9,9,0.7,0.7,0.7,5,9,2,0.35714285714285715,0.7142857142857143,0.4761904761904762
19.10.2000_42._Sitzung.txt,bert,0.296969696969697,9,16,21,0.36,0.3,0.3272727272727273,2,6,5,0.25,0.2857142857142857,0.26666666666666666
19.10.2000_42._Sitzung.txt,distilbert,0.2980392156862745,5,16,25,0.23809523809523808,0.16666666666666666,0.19607843137254902,2,1,5,0.6666666666666666,0.2857142857142857,0.4
20.09.2017_196._Sitzung.txt,rule_based,0.7115384615384615,8,11,5,0.42105263157894735,0.6153846153846154,0.5,6,0,1,1.0,0.8571428571428571,0.923076923076923
20.09.2017_196._Sitzung.txt,flair,0.3076923076923077,8,5,5,0.6153846153846154,0.6153846153846154,0.6153846153846154,0,0,7,0.0,0.0,0.0
20.09.2017_196._Sitzung.txt,spacy,0.69,11,1,2,0.9166666666666666,0.8461538461538461,0.8799999999999999,4,5,3,0.4444444444444444,0.5714285714285714,0.5
20.09.2017_196._Sitzung.txt,improved_spacy,0.69,11,1,2,0.9166666666666666,0.8461538461538461,0.8799999999999999,4,5,3,0.4444444444444444,0.5714285714285714,0.5
20.09.2017_196._Sitzung.txt,bert,0.58,7,5,6,0.5833333333333334,0.5384615384615384,0.5599999999999999,3,0,4,1.0,0.42857142857142855,0.6
20.09.2017_196._Sitzung.txt,distilbert,0.37606837606837606,4,9,9,0.3076923076923077,0.3076923076923077,0.3076923076923077,2,0,5,1.0,0.2857142857142857,0.4444444444444445
20.10.2005_126._Sitzung.txt,rule_based,0.7533783783783785,28,11,7,0.717948717948718,0.8,0.7567567567567569,6,1,3,0.8571428571428571,0.6666666666666666,0.75
20.10.2005_126._Sitzung.txt,flair,0.37254901960784315,14,19,21,0.42424242424242425,0.4,0.411764705882353,2,1,7,0.6666666666666666,0.2222222222222222,0.3333333333333333
20.10.2005_126._Sitzung.txt,spacy,0.5568181818181819,27,10,8,0.7297297297297297,0.7714285714285715,0.75,4,9,5,0.3076923076923077,0.4444444444444444,0.3636363636363637
20.10.2005_126._Sitzung.txt,improved_spacy,0.5568181818181819,27,10,8,0.7297297297297297,0.7714285714285715,0.75,4,9,5,0.3076923076923077,0.4444444444444444,0.3636363636363637
20.10.2005_126._Sitzung.txt,bert,0.4605882352941177,15,18,20,0.45454545454545453,0.42857142857142855,0.4411764705882353,6,10,3,0.375,0.6666666666666666,0.4800000000000001
20.10.2005_126._Sitzung.txt,distilbert,0.32500000000000007,14,21,21,0.4,0.4,0.4000000000000001,2,5,7,0.2857142857142857,0.2222222222222222,0.25
20.10.2008_74._Sitzung.txt,rule_based,0.3703703703703703,1,13,12,0.07142857142857142,0.07692307692307693,0.07407407407407408,3,1,2,0.75,0.6,0.6666666666666665
20.10.2008_74._Sitzung.txt,flair,0.0,0,13,13,0.0,0.0,0.0,0,0,5,0.0,0.0,0.0
20.10.2008_74._Sitzung.txt,spacy,0.10000000000000002,0,16,13,0.0,0.0,0.0,1,4,4,0.2,0.2,0.20000000000000004
20.10.2008_74._Sitzung.txt,improved_spacy,0.10000000000000002,0,16,13,0.0,0.0,0.0,1,4,4,0.2,0.2,0.20000000000000004
20.10.2008_74._Sitzung.txt,bert,0.0,0,13,13,0.0,0.0,0.0,0,1,5,0.0,0.0,0.0
20.10.2008_74._Sitzung.txt,distilbert,0.0,0,15,13,0.0,0.0,0.0,0,0,5,0.0,0.0,0.0
20.10.2011_125._Sitzung.txt,rule_based,0.8336314847942755,16,8,3,0.6666666666666666,0.8421052631578947,0.744186046511628,6,0,1,1.0,0.8571428571428571,0.923076923076923
20.10.2011_125._Sitzung.txt,flair,0.15789473684210525,6,13,13,0.3157894736842105,0.3157894736842105,0.3157894736842105,0,3,7,0.0,0.0,0.0
20.10.2011_125._Sitzung.txt,spacy,0.40564826700898593,8,14,11,0.36363636363636365,0.42105263157894735,0.3902439024390244,4,8,3,0.3333333333333333,0.5714285714285714,0.4210526315789474
20.10.2011_125._Sitzung.txt,improved_spacy,0.40564826700898593,8,14,11,0.36363636363636365,0.42105263157894735,0.3902439024390244,4,8,3,0.3333333333333333,0.5714285714285714,0.4210526315789474
20.10.2011_125._Sitzung.txt,bert,0.275797373358349,5,17,14,0.22727272727272727,0.2631578947368421,0.24390243902439024,2,4,5,0.3333333333333333,0.2857142857142857,0.30769230769230765
20.10.2011_125._Sitzung.txt,distilbert,0.20867208672086723,4,18,15,0.18181818181818182,0.21052631578947367,0.1951219512195122,1,1,6,0.5,0.14285714285714285,0.22222222222222224
20.10.2011_127._Sitzung.txt,rule_based,0.7444444444444445,9,8,4,0.5294117647058824,0.6923076923076923,0.5999999999999999,4,0,1,1.0,0.8,0.888888888888889
20.10.2011_127._Sitzung.txt,flair,0.19230769230769232,5,8,8,0.38461538461538464,0.38461538461538464,0.38461538461538464,0,0,5,0.0,0.0,0.0
20.10.2011_127._Sitzung.txt,spacy,0.40804597701149425,7,9,6,0.4375,0.5384615384615384,0.4827586206896552,2,5,3,0.2857142857142857,0.4,0.3333333333333333
20.10.2011_127._Sitzung.txt,improved_spacy,0.40804597701149425,7,9,6,0.4375,0.5384615384615384,0.4827586206896552,2,5,3,0.2857142857142857,0.4,0.3333333333333333
20.10.2011_127._Sitzung.txt,bert,0.4107142857142857,3,8,10,0.2727272727272727,0.23076923076923078,0.24999999999999994,2,0,3,1.0,0.4,0.5714285714285715
20.10.2011_127._Sitzung.txt,distilbert,0.19111111111111112,2,10,11,0.16666666666666666,0.15384615384615385,0.16,1,3,4,0.25,0.2,0.22222222222222224
20.11.2020_66._Sitzung.txt,rule_based,0.6666666666666665,6,4,2,0.6,0.75,0.6666666666666665,5,0,5,1.0,0.5,0.6666666666666666
20.11.2020_66._Sitzung.txt,flair,0.25,4,4,4,0.5,0.5,0.5,0,0,10,0.0,0.0,0.0
20.11.2020_66._Sitzung.txt,spacy,0.5222222222222223,4,6,4,0.4,0.5,0.4444444444444445,6,4,4,0.6,0.6,0.6
20.11.2020_66._Sitzung.txt,improved_spacy,0.5222222222222223,4,6,4,0.4,0.5,0.4444444444444445,6,4,4,0.6,0.6,0.6
20.11.2020_66._Sitzung.txt,bert,0.25,4,4,4,0.5,0.5,0.5,0,2,10,0.0,0.0,0.0
20.11.2020_66._Sitzung.txt,distilbert,0.2777777777777778,5,5,3,0.5,0.625,0.5555555555555556,0,2,10,0.0,0.0,0.0
21.03.2002_99._Sitzung.txt,rule_based,0.21166892808683851,2,34,29,0.05555555555555555,0.06451612903225806,0.059701492537313425,2,3,4,0.4,0.3333333333333333,0.3636363636363636
21.03.2002_99._Sitzung.txt,flair,0.017241379310344827,1,26,30,0.037037037037037035,0.03225806451612903,0.034482758620689655,0,4,6,0.0,0.0,0.0
21.03.2002_99._Sitzung.txt,spacy,0.03389830508474576,2,26,29,0.07142857142857142,0.06451612903225806,0.06779661016949153,0,16,6,0.0,0.0,0.0
21.03.2002_99._Sitzung.txt,improved_spacy,0.03389830508474576,2,26,29,0.07142857142857142,0.06451612903225806,0.06779661016949153,0,16,6,0.0,0.0,0.0
21.03.2002_99._Sitzung.txt,bert,0.2,0,13,31,0.0,0.0,0.0,3,6,3,0.3333333333333333,0.5,0.4
21.03.2002_99._Sitzung.txt,distilbert,0.0,0,17,31,0.0,0.0,0.0,0,4,6,0.0,0.0,0.0
21.03.2013_195._Sitzung.txt,rule_based,0.7417582417582418,20,10,6,0.6666666666666666,0.7692307692307693,0.7142857142857142,5,0,3,1.0,0.625,0.7692307692307693
21.03.2013_195._Sitzung.txt,flair,0.3433333333333333,13,11,13,0.5416666666666666,0.5,0.52,1,3,7,0.25,0.125,0.16666666666666666
21.03.2013_195._Sitzung.txt,spacy,0.44285714285714284,15,9,11,0.625,0.5769230769230769,0.6,3,10,5,0.23076923076923078,0.375,0.2857142857142857
21.03.2013_195._Sitzung.txt,improved_spacy,0.44285714285714284,15,9,11,0.625,0.5769230769230769,0.6,3,10,5,0.23076923076923078,0.375,0.2857142857142857
21.03.2013_195._Sitzung.txt,bert,0.44285714285714284,15,9,11,0.625,0.5769230769230769,0.6,2,4,6,0.3333333333333333,0.25,0.28571428571428575
21.03.2013_195._Sitzung.txt,distilbert,0.3025,12,12,14,0.5,0.46153846153846156,0.48000000000000004,1,7,7,0.125,0.125,0.125
21.09.2000_38._Sitzung.txt,rule_based,0.39355992844364934,7,16,13,0.30434782608695654,0.35,0.3255813953488372,3,4,3,0.42857142857142855,0.5,0.4615384615384615
21.09.2000_38._Sitzung.txt,flair,0.05000000000000001,2,18,18,0.1,0.1,0.10000000000000002,0,1,6,0.0,0.0,0.0
21.09.2000_38._Sitzung.txt,spacy,0.15638450502152082,4,17,16,0.19047619047619047,0.2,0.1951219512195122,1,10,5,0.09090909090909091,0.16666666666666666,0.11764705882352942
21.09.2000_38._Sitzung.txt,improved_spacy,0.15638450502152082,4,17,16,0.19047619047619047,0.2,0.1951219512195122,1,10,5,0.09090909090909091,0.16666666666666666,0.11764705882352942
21.09.2000_38._Sitzung.txt,bert,0.21607142857142855,1,14,19,0.06666666666666667,0.05,0.05714285714285715,3,7,3,0.3,0.5,0.37499999999999994
21.09.2000_38._Sitzung.txt,distilbert,0.029411764705882353,1,13,19,0.07142857142857142,0.05,0.058823529411764705,0,4,6,0.0,0.0,0.0
21.12.2020_74._Sitzung.txt,rule_based,0.279874213836478,6,22,19,0.21428571428571427,0.24,0.2264150943396226,5,7,13,0.4166666666666667,0.2777777777777778,0.33333333333333337
21.12.2020_74._Sitzung.txt,flair,0.20344827586206898,5,20,20,0.2,0.2,0.20000000000000004,3,8,15,0.2727272727272727,0.16666666666666666,0.20689655172413793
21.12.2020_74._Sitzung.txt,spacy,0.21933962264150947,5,23,20,0.17857142857142858,0.2,0.1886792452830189,5,17,13,0.22727272727272727,0.2777777777777778,0.25
21.12.2020_74._Sitzung.txt,improved_spacy,0.21933962264150947,5,23,20,0.17857142857142858,0.2,0.1886792452830189,5,17,13,0.22727272727272727,0.2777777777777778,0.25
21.12.2020_74._Sitzung.txt,bert,0.1111111111111111,0,11,25,0.0,0.0,0.0,3,6,15,0.3333333333333333,0.16666666666666666,0.2222222222222222
21.12.2020_74._Sitzung.txt,distilbert,0.07142857142857142,0,13,25,0.0,0.0,0.0,2,8,16,0.2,0.1111111111111111,0.14285714285714285
22.06.2006_156._Sitzung.txt,rule_based,0.74,17,7,9,0.7083333333333334,0.6538461538461539,0.68,8,0,4,1.0,0.6666666666666666,0.8
22.06.2006_156._Sitzung.txt,flair,0.19729206963249513,5,16,21,0.23809523809523808,0.19230769230769232,0.21276595744680848,2,8,10,0.2,0.16666666666666666,0.1818181818181818
22.06.2006_156._Sitzung.txt,spacy,0.5051851851851852,16,8,10,0.6666666666666666,0.6153846153846154,0.64,5,10,7,0.3333333333333333,0.4166666666666667,0.3703703703703704
22.06.2006_156._Sitzung.txt,improved_spacy,0.5613793103448276,16,8,10,0.6666666666666666,0.6153846153846154,0.64,7,10,5,0.4117647058823529,0.5833333333333334,0.4827586206896552
22.06.2006_156._Sitzung.txt,bert,0.2554347826086957,5,9,21,0.35714285714285715,0.19230769230769232,0.25,3,8,9,0.2727272727272727,0.25,0.2608695652173913
22.06.2006_156._Sitzung.txt,distilbert,0.16987179487179485,5,8,21,0.38461538461538464,0.19230769230769232,0.2564102564102564,1,11,11,0.08333333333333333,0.08333333333333333,0.08333333333333333
22.09.2004_77._Sitzung.txt,rule_based,0.8214285714285714,11,4,2,0.7333333333333333,0.8461538461538461,0.7857142857142856,6,0,2,1.0,0.75,0.8571428571428571
22.09.2004_77._Sitzung.txt,flair,0.11538461538461539,3,10,10,0.23076923076923078,0.23076923076923078,0.23076923076923078,0,0,8,0.0,0.0,0.0
22.09.2004_77._Sitzung.txt,spacy,0.6574074074074074,11,3,2,0.7857142857142857,0.8461538461538461,0.8148148148148148,4,4,4,0.5,0.5,0.5
22.09.2004_77._Sitzung.txt,improved_spacy,0.6574074074074074,11,3,2,0.7857142857142857,0.8461538461538461,0.8148148148148148,4,4,4,0.5,0.5,0.5
22.09.2004_77._Sitzung.txt,bert,0.2434782608695652,1,9,12,0.1,0.07692307692307693,0.08695652173913043,3,4,5,0.42857142857142855,0.375,0.39999999999999997
22.09.2004_77._Sitzung.txt,distilbert,0.1717948717948718,1,12,12,0.07692307692307693,0.07692307692307693,0.07692307692307693,2,5,6,0.2857142857142857,0.25,0.26666666666666666
22.10.2009_42._Sitzung.txt,rule_based,0.7779941577409932,25,14,15,0.6410256410256411,0.625,0.6329113924050633,6,0,1,1.0,0.8571428571428571,0.923076923076923
22.10.2009_42._Sitzung.txt,flair,0.25,18,14,22,0.5625,0.45,0.5,0,10,7,0.0,0.0,0.0
22.10.2009_42._Sitzung.txt,spacy,0.49783783783783786,25,9,15,0.7352941176470589,0.625,0.6756756756756757,4,14,3,0.2222222222222222,0.5714285714285714,0.32
22.10.2009_42._Sitzung.txt,improved_spacy,0.49783783783783786,25,9,15,0.7352941176470589,0.625,0.6756756756756757,4,14,3,0.2222222222222222,0.5714285714285714,0.32
22.10.2009_42._Sitzung.txt,bert,0.2713382507903056,17,16,23,0.5151515151515151,0.425,0.4657534246575342,1,18,6,0.05263157894736842,0.14285714285714285,0.07692307692307693
22.10.2009_42._Sitzung.txt,distilbert,0.23611111111111108,17,15,23,0.53125,0.425,0.47222222222222215,0,11,7,0.0,0.0,0.0
23.05.2002_105._Sitzung.txt,rule_based,0.7615384615384615,18,16,8,0.5294117647058824,0.6923076923076923,0.5999999999999999,6,0,1,1.0,0.8571428571428571,0.923076923076923
23.05.2002_105._Sitzung.txt,flair,0.21794871794871795,7,19,19,0.2692307692307692,0.2692307692307692,0.2692307692307692,1,4,6,0.2,0.14285714285714285,0.16666666666666666
23.05.2002_105._Sitzung.txt,spacy,0.5695732838589982,19,4,7,0.8260869565217391,0.7307692307692307,0.7755102040816326,4,11,3,0.26666666666666666,0.5714285714285714,0.36363636363636365
23.05.2002_105._Sitzung.txt,improved_spacy,0.5695732838589982,19,4,7,0.8260869565217391,0.7307692307692307,0.7755102040816326,4,11,3,0.26666666666666666,0.5714285714285714,0.36363636363636365
23.05.2002_105._Sitzung.txt,bert,0.382051282051282,6,20,20,0.23076923076923078,0.23076923076923078,0.23076923076923078,4,4,3,0.5,0.5714285714285714,0.5333333333333333
23.05.2002_105._Sitzung.txt,distilbert,0.20915032679738563,5,20,21,0.2,0.19230769230769232,0.19607843137254902,1,1,6,0.5,0.14285714285714285,0.22222222222222224
23.05.2006_151._Sitzung.txt,rule_based,0.28225806451612906,1,14,15,0.06666666666666667,0.0625,0.06451612903225808,3,2,4,0.6,0.42857142857142855,0.5
23.05.2006_151._Sitzung.txt,flair,0.03571428571428572,1,11,15,0.08333333333333333,0.0625,0.07142857142857144,0,5,7,0.0,0.0,0.0
23.05.2006_151._Sitzung.txt,spacy,0.058823529411764705,0,13,16,0.0,0.0,0.0,1,9,6,0.1,0.14285714285714285,0.11764705882352941
23.05.2006_151._Sitzung.txt,improved_spacy,0.058823529411764705,0,13,16,0.0,0.0,0.0,1,9,6,0.1,0.14285714285714285,0.11764705882352941
23.05.2006_151._Sitzung.txt,bert,0.045454545454545456,1,5,15,0.16666666666666666,0.0625,0.09090909090909091,0,4,7,0.0,0.0,0.0
23.05.2006_151._Sitzung.txt,distilbert,0.041666666666666664,1,7,15,0.125,0.0625,0.08333333333333333,0,1,7,0.0,0.0,0.0
23.05.2014_29._Sitzung.txt,rule_based,0.6666666666666667,4,4,3,0.5,0.5714285714285714,0.5333333333333333,4,1,1,0.8,0.8,0.8000000000000002
23.05.2014_29._Sitzung.txt,flair,0.30769230769230765,4,2,3,0.6666666666666666,0.5714285714285714,0.6153846153846153,0,0,5,0.0,0.0,0.0
23.05.2014_29._Sitzung.txt,spacy,0.45238095238095233,4,3,3,0.5714285714285714,0.5714285714285714,0.5714285714285714,2,5,3,0.2857142857142857,0.4,0.3333333333333333
23.05.2014_29._Sitzung.txt,improved_spacy,0.45238095238095233,4,3,3,0.5714285714285714,0.5714285714285714,0.5714285714285714,2,5,3,0.2857142857142857,0.4,0.3333333333333333
23.05.2014_29._Sitzung.txt,bert,0.5075757575757576,5,0,2,1.0,0.7142857142857143,0.8333333333333333,1,5,4,0.16666666666666666,0.2,0.1818181818181818
23.05.2014_29._Sitzung.txt,distilbert,0.41666666666666663,5,0,2,1.0,0.7142857142857143,0.8333333333333333,0,3,5,0.0,0.0,0.0
23.10.2003_36._Sitzung.txt,rule_based,0.75,15,4,6,0.7894736842105263,0.7142857142857143,0.7500000000000001,6,2,2,0.75,0.75,0.75
23.10.2003_36._Sitzung.txt,flair,0.1719298245614035,4,13,17,0.23529411764705882,0.19047619047619047,0.21052631578947367,1,6,7,0.14285714285714285,0.125,0.13333333333333333
23.10.2003_36._Sitzung.txt,spacy,0.5367965367965368,13,8,8,0.6190476190476191,0.6190476190476191,0.6190476190476191,5,9,3,0.35714285714285715,0.625,0.45454545454545453
23.10.2003_36._Sitzung.txt,improved_spacy,0.5367965367965368,13,8,8,0.6190476190476191,0.6190476190476191,0.6190476190476191,5,9,3,0.35714285714285715,0.625,0.45454545454545453
23.10.2003_36._Sitzung.txt,bert,0.2159090909090909,3,9,18,0.25,0.14285714285714285,0.18181818181818182,2,6,6,0.25,0.25,0.25
23.10.2003_36._Sitzung.txt,distilbert,0.14705882352941177,1,12,20,0.07692307692307693,0.047619047619047616,0.058823529411764705,2,7,6,0.2222222222222222,0.25,0.23529411764705882
23.10.2019_2._Sitzung.txt,rule_based,0.8191721132897603,22,5,5,0.8148148148148148,0.8148148148148148,0.8148148148148148,7,0,3,1.0,0.7,0.8235294117647058
23.10.2019_2._Sitzung.txt,flair,0.37962962962962965,16,11,11,0.5925925925925926,0.5925925925925926,0.5925925925925926,1,1,9,0.5,0.1,0.16666666666666669
23.10.2019_2._Sitzung.txt,spacy,0.7127272727272727,26,2,1,0.9285714285714286,0.9629629629629629,0.9454545454545454,6,9,4,0.4,0.6,0.48
23.10.2019_2._Sitzung.txt,improved_spacy,0.7127272727272727,26,2,1,0.9285714285714286,0.9629629629629629,0.9454545454545454,6,9,4,0.4,0.6,0.48
23.10.2019_2._Sitzung.txt,bert,0.44575471698113206,17,9,10,0.6538461538461539,0.6296296296296297,0.6415094339622641,2,4,8,0.3333333333333333,0.2,0.25
23.10.2019_2._Sitzung.txt,distilbert,0.3782894736842105,18,12,9,0.6,0.6666666666666666,0.631578947368421,1,5,9,0.16666666666666666,0.1,0.125
24.10.2001_82._Sitzung.txt,rule_based,0.7948717948717948,13,8,5,0.6190476190476191,0.7222222222222222,0.6666666666666666,6,0,1,1.0,0.8571428571428571,0.923076923076923
24.10.2001_82._Sitzung.txt,flair,0.05555555555555555,2,16,16,0.1111111111111111,0.1111111111111111,0.1111111111111111,0,9,7,0.0,0.0,0.0
24.10.2001_82._Sitzung.txt,spacy,0.4456233421750663,12,9,6,0.5714285714285714,0.6666666666666666,0.6153846153846153,4,18,3,0.18181818181818182,0.5714285714285714,0.27586206896551724
24.10.2001_82._Sitzung.txt,improved_spacy,0.4456233421750663,12,9,6,0.5714285714285714,0.6666666666666666,0.6153846153846153,4,18,3,0.18181818181818182,0.5714285714285714,0.27586206896551724
24.10.2001_82._Sitzung.txt,bert,0.2227342549923195,1,12,17,0.07692307692307693,0.05555555555555555,0.06451612903225808,4,10,3,0.2857142857142857,0.5714285714285714,0.38095238095238093
24.10.2001_82._Sitzung.txt,distilbert,0.16781609195402297,1,10,17,0.09090909090909091,0.05555555555555555,0.06896551724137931,2,6,5,0.25,0.2857142857142857,0.26666666666666666
24.11.2016_156._Sitzung.txt,rule_based,0.8809523809523809,8,3,2,0.7272727272727273,0.8,0.761904761904762,7,0,0,1.0,1.0,1.0
24.11.2016_156._Sitzung.txt,flair,0.4409090909090909,7,3,3,0.7,0.7,0.7,1,3,6,0.25,0.14285714285714285,0.18181818181818182
24.11.2016_156._Sitzung.txt,spacy,0.6380952380952382,8,2,2,0.8,0.8,0.8000000000000002,5,9,2,0.35714285714285715,0.7142857142857143,0.4761904761904762
24.11.2016_156._Sitzung.txt,improved_spacy,0.6380952380952382,8,2,2,0.8,0.8,0.8000000000000002,5,9,2,0.35714285714285715,0.7142857142857143,0.4761904761904762
24.11.2016_156._Sitzung.txt,bert,0.5318181818181817,7,3,3,0.7,0.7,0.7,2,2,5,0.5,0.2857142857142857,0.36363636363636365
24.11.2016_156._Sitzung.txt,distilbert,0.47953216374269,7,2,3,0.7777777777777778,0.7,0.7368421052631577,1,1,6,0.5,0.14285714285714285,0.22222222222222224
25.08.2010_76._Sitzung.txt,rule_based,0.7071428571428571,21,11,7,0.65625,0.75,0.7,5,1,3,0.8333333333333334,0.625,0.7142857142857143
25.08.2010_76._Sitzung.txt,flair,0.20526315789473687,5,17,23,0.22727272727272727,0.17857142857142858,0.2,2,9,6,0.18181818181818182,0.25,0.2105263157894737
25.08.2010_76._Sitzung.txt,spacy,0.3379120879120879,12,12,16,0.5,0.42857142857142855,0.4615384615384615,3,17,5,0.15,0.375,0.21428571428571425
25.08.2010_76._Sitzung.txt,improved_spacy,0.3379120879120879,12,12,16,0.5,0.42857142857142855,0.4615384615384615,3,17,5,0.15,0.375,0.21428571428571425
25.08.2010_76._Sitzung.txt,bert,0.1736111111111111,5,12,23,0.29411764705882354,0.17857142857142858,0.22222222222222224,1,7,7,0.125,0.125,0.125
25.08.2010_76._Sitzung.txt,distilbert,0.19507575757575757,5,15,23,0.25,0.17857142857142858,0.20833333333333331,1,2,7,0.3333333333333333,0.125,0.18181818181818182
26.02.2004_52._Sitzung.txt,rule_based,0.7814645308924485,19,5,3,0.7916666666666666,0.8636363636363636,0.8260869565217391,7,0,5,1.0,0.5833333333333334,0.7368421052631579
26.02.2004_52._Sitzung.txt,flair,0.40909090909090906,10,12,12,0.45454545454545453,0.45454545454545453,0.45454545454545453,4,6,8,0.4,0.3333333333333333,0.3636363636363636
26.02.2004_52._Sitzung.txt,spacy,0.5927536231884059,15,9,7,0.625,0.6818181818181818,0.6521739130434783,8,10,4,0.4444444444444444,0.6666666666666666,0.5333333333333333
26.02.2004_52._Sitzung.txt,improved_spacy,0.5927536231884059,15,9,7,0.625,0.6818181818181818,0.6521739130434783,8,10,4,0.4444444444444444,0.6666666666666666,0.5333333333333333
26.02.2004_52._Sitzung.txt,bert,0.41306058221872544,9,10,13,0.47368421052631576,0.4090909090909091,0.43902439024390244,6,13,6,0.3157894736842105,0.5,0.3870967741935484
26.02.2004_52._Sitzung.txt,distilbert,0.41711229946524064,8,14,14,0.36363636363636365,0.36363636363636365,0.36363636363636365,4,1,8,0.8,0.3333333333333333,0.47058823529411764
26.02.2004_53._Sitzung.txt,rule_based,0.6944444444444444,4,5,3,0.4444444444444444,0.5714285714285714,0.5,4,1,0,0.8,1.0,0.888888888888889
26.02.2004_53._Sitzung.txt,flair,0.0,0,8,7,0.0,0.0,0.0,0,1,4,0.0,0.0,0.0
26.02.2004_53._Sitzung.txt,spacy,0.43333333333333335,4,4,3,0.5,0.5714285714285714,0.5333333333333333,2,6,2,0.25,0.5,0.3333333333333333
26.02.2004_53._Sitzung.txt,improved_spacy,0.43333333333333335,4,4,3,0.5,0.5714285714285714,0.5333333333333333,2,6,2,0.25,0.5,0.3333333333333333
26.02.2004_53._Sitzung.txt,bert,0.06666666666666667,1,7,6,0.125,0.14285714285714285,0.13333333333333333,0,1,4,0.0,0.0,0.0
26.02.2004_53._Sitzung.txt,distilbert,0.0,0,10,7,0.0,0.0,0.0,0,0,4,0.0,0.0,0.0
26.11.2015_106._Sitzung.txt,rule_based,0.541958041958042,7,8,4,0.4666666666666667,0.6363636363636364,0.5384615384615385,3,2,3,0.6,0.5,0.5454545454545454
26.11.2015_106._Sitzung.txt,flair,0.09090909090909091,2,9,9,0.18181818181818182,0.18181818181818182,0.18181818181818182,0,2,6,0.0,0.0,0.0
26.11.2015_106._Sitzung.txt,spacy,0.5059523809523809,7,6,4,0.5384615384615384,0.6363636363636364,0.5833333333333334,3,5,3,0.375,0.5,0.42857142857142855
26.11.2015_106._Sitzung.txt,improved_spacy,0.5059523809523809,7,6,4,0.5384615384615384,0.6363636363636364,0.5833333333333334,3,5,3,0.375,0.5,0.42857142857142855
26.11.2015_106._Sitzung.txt,bert,0.3811188811188811,5,6,6,0.45454545454545453,0.45454545454545453,0.45454545454545453,2,5,4,0.2857142857142857,0.3333333333333333,0.30769230769230765
26.11.2015_106._Sitzung.txt,distilbert,0.3034188034188034,5,10,6,0.3333333333333333,0.45454545454545453,0.3846153846153846,1,2,5,0.3333333333333333,0.16666666666666666,0.2222222222222222
26.11.2020_68._Sitzung.txt,rule_based,0.49395161290322576,19,17,7,0.5277777777777778,0.7307692307692307,0.6129032258064515,3,3,7,0.5,0.3,0.37499999999999994
26.11.2020_68._Sitzung.txt,flair,0.19607843137254902,10,15,16,0.4,0.38461538461538464,0.39215686274509803,0,5,10,0.0,0.0,0.0
26.11.2020_68._Sitzung.txt,spacy,0.34523809523809523,10,20,16,0.3333333333333333,0.38461538461538464,0.3571428571428571,4,10,6,0.2857142857142857,0.4,0.3333333333333333
26.11.2020_68._Sitzung.txt,improved_spacy,0.3385714285714285,10,20,16,0.3333333333333333,0.38461538461538464,0.3571428571428571,4,11,6,0.26666666666666666,0.4,0.32
26.11.2020_68._Sitzung.txt,bert,0.14090909090909093,3,4,23,0.42857142857142855,0.11538461538461539,0.18181818181818182,1,9,9,0.1,0.1,0.10000000000000002
26.11.2020_68._Sitzung.txt,distilbert,0.11764705882352941,4,4,22,0.5,0.15384615384615385,0.23529411764705882,0,3,10,0.0,0.0,0.0
27.02.2019_65._Sitzung.txt,rule_based,0.2234848484848485,1,12,10,0.07692307692307693,0.09090909090909091,0.08333333333333334,2,2,5,0.5,0.2857142857142857,0.36363636363636365
27.02.2019_65._Sitzung.txt,flair,0.045454545454545456,1,10,10,0.09090909090909091,0.09090909090909091,0.09090909090909091,0,0,7,0.0,0.0,0.0
27.02.2019_65._Sitzung.txt,spacy,0.10512820512820512,1,14,10,0.06666666666666667,0.09090909090909091,0.07692307692307691,1,7,6,0.125,0.14285714285714285,0.13333333333333333
27.02.2019_65._Sitzung.txt,improved_spacy,0.10512820512820512,1,14,10,0.06666666666666667,0.09090909090909091,0.07692307692307691,1,7,6,0.125,0.14285714285714285,0.13333333333333333
27.02.2019_65._Sitzung.txt,bert,0.0,0,11,11,0.0,0.0,0.0,0,1,7,0.0,0.0,0.0
27.02.2019_65._Sitzung.txt,distilbert,0.04761904761904762,1,9,10,0.1,0.09090909090909091,0.09523809523809525,0,4,7,0.0,0.0,0.0
27.04.2000_21._Sitzung.txt,rule_based,0.37319189971070393,12,19,18,0.3870967741935484,0.4,0.39344262295081966,3,4,7,0.42857142857142855,0.3,0.3529411764705882
27.04.2000_21._Sitzung.txt,flair,0.1715909090909091,6,19,24,0.24,0.2,0.2181818181818182,1,5,9,0.16666666666666666,0.1,0.125
27.04.2000_21._Sitzung.txt,spacy,0.20071428571428573,9,17,21,0.34615384615384615,0.3,0.32142857142857145,1,14,9,0.06666666666666667,0.1,0.08
27.04.2000_21._Sitzung.txt,improved_spacy,0.23478835978835982,9,17,21,0.34615384615384615,0.3,0.32142857142857145,2,15,8,0.11764705882352941,0.2,0.14814814814814817
27.04.2000_21._Sitzung.txt,bert,0.23952738990332975,4,15,26,0.21052631578947367,0.13333333333333333,0.163265306122449,3,6,7,0.3333333333333333,0.3,0.3157894736842105
27.04.2000_21._Sitzung.txt,distilbert,0.20054945054945056,3,19,27,0.13636363636363635,0.1,0.11538461538461538,2,2,8,0.5,0.2,0.28571428571428575
27.04.2005_108._Sitzung.txt,rule_based,0.7249999999999999,14,6,6,0.7,0.7,0.7,6,0,4,1.0,0.6,0.7499999999999999
27.04.2005_108._Sitzung.txt,flair,0.19872813990461047,3,14,17,0.17647058823529413,0.15,0.16216216216216214,2,5,8,0.2857142857142857,0.2,0.23529411764705882
27.04.2005_108._Sitzung.txt,spacy,0.3863247863247863,7,18,13,0.28,0.35,0.3111111111111111,6,10,4,0.375,0.6,0.4615384615384615
27.04.2005_108._Sitzung.txt,improved_spacy,0.3863247863247863,7,18,13,0.28,0.35,0.3111111111111111,6,10,4,0.375,0.6,0.4615384615384615
27.04.2005_108._Sitzung.txt,bert,0.28703703703703703,1,6,19,0.14285714285714285,0.05,0.07407407407407408,5,5,5,0.5,0.5,0.5
27.04.2005_108._Sitzung.txt,distilbert,0.224537037037037,1,6,19,0.14285714285714285,0.05,0.07407407407407408,3,3,7,0.5,0.3,0.37499999999999994
27.04.2006_147._Sitzung.txt,rule_based,0.16666666666666666,1,18,22,0.05263157894736842,0.043478260869565216,0.04761904761904762,3,5,10,0.375,0.23076923076923078,0.2857142857142857
27.04.2006_147._Sitzung.txt,flair,0.04166666666666667,0,15,23,0.0,0.0,0.0,1,10,12,0.09090909090909091,0.07692307692307693,0.08333333333333334
27.04.2006_147._Sitzung.txt,spacy,0.056990881458966566,1,23,22,0.041666666666666664,0.043478260869565216,0.0425531914893617,1,14,12,0.06666666666666667,0.07692307692307693,0.07142857142857144
27.04.2006_147._Sitzung.txt,improved_spacy,0.056990881458966566,1,23,22,0.041666666666666664,0.043478260869565216,0.0425531914893617,1,14,12,0.06666666666666667,0.07692307692307693,0.07142857142857144
27.04.2006_147._Sitzung.txt,bert,0.08695652173913043,0,12,23,0.0,0.0,0.0,2,8,11,0.2,0.15384615384615385,0.17391304347826086
27.04.2006_147._Sitzung.txt,distilbert,0.0,0,18,23,0.0,0.0,0.0,0,9,13,0.0,0.0,0.0
27.05.2004_63._Sitzung.txt,rule_based,0.6783783783783783,14,5,4,0.7368421052631579,0.7777777777777778,0.7567567567567567,6,1,7,0.8571428571428571,0.46153846153846156,0.6
27.05.2004_63._Sitzung.txt,flair,0.3315508021390375,2,14,16,0.125,0.1111111111111111,0.11764705882352941,6,3,7,0.6666666666666666,0.46153846153846156,0.5454545454545455
27.05.2004_63._Sitzung.txt,spacy,0.413312693498452,9,11,9,0.45,0.5,0.4736842105263158,6,15,7,0.2857142857142857,0.46153846153846156,0.35294117647058826
27.05.2004_63._Sitzung.txt,improved_spacy,0.413312693498452,9,11,9,0.45,0.5,0.4736842105263158,6,15,7,0.2857142857142857,0.46153846153846156,0.35294117647058826
27.05.2004_63._Sitzung.txt,bert,0.2571428571428572,2,15,16,0.11764705882352941,0.1111111111111111,0.11428571428571428,6,11,7,0.35294117647058826,0.46153846153846156,0.4000000000000001
27.05.2004_63._Sitzung.txt,distilbert,0.16761363636363638,1,13,17,0.07142857142857142,0.05555555555555555,0.0625,3,6,10,0.3333333333333333,0.23076923076923078,0.27272727272727276
27.06.2013_212._Sitzung.txt,rule_based,0.7128851540616247,29,30,14,0.4915254237288136,0.6744186046511628,0.5686274509803922,6,0,2,1.0,0.75,0.8571428571428571
27.06.2013_212._Sitzung.txt,flair,0.3475490196078432,26,16,17,0.6190476190476191,0.6046511627906976,0.611764705882353,1,15,7,0.0625,0.125,0.08333333333333333
27.06.2013_212._Sitzung.txt,spacy,0.42156862745098034,27,11,16,0.7105263157894737,0.627906976744186,0.6666666666666666,3,23,5,0.11538461538461539,0.375,0.1764705882352941
27.06.2013_212._Sitzung.txt,improved_spacy,0.4476190476190476,27,11,16,0.7105263157894737,0.627906976744186,0.6666666666666666,4,23,4,0.14814814814814814,0.5,0.22857142857142856
27.06.2013_212._Sitzung.txt,bert,0.35432098765432096,26,12,17,0.6842105263157895,0.6046511627906976,0.6419753086419753,1,21,7,0.045454545454545456,0.125,0.06666666666666667
27.06.2013_212._Sitzung.txt,distilbert,0.27848101265822783,22,14,21,0.6111111111111112,0.5116279069767442,0.5569620253164557,0,4,8,0.0,0.0,0.0
28.02.2002_96._Sitzung.txt,rule_based,0.5,14,14,10,0.5,0.5833333333333334,0.5384615384615384,3,3,4,0.5,0.42857142857142855,0.4615384615384615
28.02.2002_96._Sitzung.txt,flair,0.06521739130434782,3,19,21,0.13636363636363635,0.125,0.13043478260869565,0,7,7,0.0,0.0,0.0
28.02.2002_96._Sitzung.txt,spacy,0.38730158730158726,11,10,13,0.5238095238095238,0.4583333333333333,0.4888888888888889,3,11,4,0.21428571428571427,0.42857142857142855,0.2857142857142857
28.02.2002_96._Sitzung.txt,improved_spacy,0.38730158730158726,11,10,13,0.5238095238095238,0.4583333333333333,0.4888888888888889,3,11,4,0.21428571428571427,0.42857142857142855,0.2857142857142857
28.02.2002_96._Sitzung.txt,bert,0.21262458471760798,3,16,21,0.15789473684210525,0.125,0.13953488372093023,3,11,4,0.21428571428571427,0.42857142857142855,0.2857142857142857
28.02.2002_96._Sitzung.txt,distilbert,0.2731707317073171,3,14,21,0.17647058823529413,0.125,0.14634146341463414,2,1,5,0.6666666666666666,0.2857142857142857,0.4
28.06.2004_70._Sitzung.txt,rule_based,0.5804263565891473,16,7,4,0.6956521739130435,0.8,0.7441860465116279,5,3,11,0.625,0.3125,0.4166666666666667
28.06.2004_70._Sitzung.txt,flair,0.375,7,13,13,0.35,0.35,0.35,4,0,12,1.0,0.25,0.4
28.06.2004_70._Sitzung.txt,spacy,0.6538461538461537,15,4,5,0.7894736842105263,0.75,0.7692307692307692,7,3,9,0.7,0.4375,0.5384615384615384
28.06.2004_70._Sitzung.txt,improved_spacy,0.6703296703296704,15,4,5,0.7894736842105263,0.75,0.7692307692307692,8,4,8,0.6666666666666666,0.5,0.5714285714285715
28.06.2004_70._Sitzung.txt,bert,0.17251051893408134,4,7,16,0.36363636363636365,0.2,0.25806451612903225,1,6,15,0.14285714285714285,0.0625,0.08695652173913043
28.06.2004_70._Sitzung.txt,distilbert,0.12903225806451613,4,7,16,0.36363636363636365,0.2,0.25806451612903225,0,8,16,0.0,0.0,0.0
28.09.2005_123._Sitzung.txt,rule_based,0.9472527472527472,17,0,1,1.0,0.9444444444444444,0.9714285714285714,6,0,1,1.0,0.8571428571428571,0.923076923076923
28.09.2005_123._Sitzung.txt,flair,0.14285714285714288,5,12,13,0.29411764705882354,0.2777777777777778,0.28571428571428575,0,1,7,0.0,0.0,0.0
28.09.2005_123._Sitzung.txt,spacy,0.45641025641025645,10,11,8,0.47619047619047616,0.5555555555555556,0.5128205128205129,4,9,3,0.3076923076923077,0.5714285714285714,0.4
28.09.2005_123._Sitzung.txt,improved_spacy,0.45641025641025645,10,11,8,0.47619047619047616,0.5555555555555556,0.5128205128205129,4,9,3,0.3076923076923077,0.5714285714285714,0.4
28.09.2005_123._Sitzung.txt,bert,0.35324675324675325,6,11,12,0.35294117647058826,0.3333333333333333,0.34285714285714286,2,2,5,0.5,0.2857142857142857,0.36363636363636365
28.09.2005_123._Sitzung.txt,distilbert,0.08108108108108107,3,16,15,0.15789473684210525,0.16666666666666666,0.16216216216216214,0,2,7,0.0,0.0,0.0
28.10.2008_2._Sitzung.txt,rule_based,0.9583931133428981,20,1,0,0.9523809523809523,1.0,0.975609756097561,8,0,1,1.0,0.8888888888888888,0.9411764705882353
28.10.2008_2._Sitzung.txt,flair,0.20000000000000004,8,12,12,0.4,0.4,0.4000000000000001,0,0,9,0.0,0.0,0.0
28.10.2008_2._Sitzung.txt,spacy,0.67312661498708,17,6,3,0.7391304347826086,0.85,0.7906976744186046,5,4,4,0.5555555555555556,0.5555555555555556,0.5555555555555556
28.10.2008_2._Sitzung.txt,improved_spacy,0.67312661498708,17,6,3,0.7391304347826086,0.85,0.7906976744186046,5,4,4,0.5555555555555556,0.5555555555555556,0.5555555555555556
28.10.2008_2._Sitzung.txt,bert,0.32499999999999996,7,13,13,0.35,0.35,0.35,3,8,6,0.2727272727272727,0.3333333333333333,0.3
28.10.2008_2._Sitzung.txt,distilbert,0.1951219512195122,8,13,12,0.38095238095238093,0.4,0.3902439024390244,0,7,9,0.0,0.0,0.0
28.10.2011_129._Sitzung.txt,rule_based,0.6622950819672132,16,19,10,0.45714285714285713,0.6153846153846154,0.5245901639344263,4,1,1,0.8,0.8,0.8000000000000002
28.10.2011_129._Sitzung.txt,flair,0.2549019607843137,13,12,13,0.52,0.5,0.5098039215686274,0,1,5,0.0,0.0,0.0
28.10.2011_129._Sitzung.txt,spacy,0.5006802721088435,18,5,8,0.782608695652174,0.6923076923076923,0.7346938775510203,2,8,3,0.2,0.4,0.26666666666666666
28.10.2011_129._Sitzung.txt,improved_spacy,0.5006802721088435,18,5,8,0.782608695652174,0.6923076923076923,0.7346938775510203,2,8,3,0.2,0.4,0.26666666666666666
28.10.2011_129._Sitzung.txt,bert,0.41818181818181815,13,16,13,0.4482758620689655,0.5,0.4727272727272727,2,4,3,0.3333333333333333,0.4,0.3636363636363636
28.10.2011_129._Sitzung.txt,distilbert,0.35573122529644263,8,12,18,0.4,0.3076923076923077,0.34782608695652173,2,4,3,0.3333333333333333,0.4,0.3636363636363636
29.01.2004_47._Sitzung.txt,rule_based,0.8046218487394957,22,3,9,0.88,0.7096774193548387,0.7857142857142856,7,0,3,1.0,0.7,0.8235294117647058
29.01.2004_47._Sitzung.txt,flair,0.12962962962962962,7,16,24,0.30434782608695654,0.22580645161290322,0.25925925925925924,0,11,10,0.0,0.0,0.0
29.01.2004_47._Sitzung.txt,spacy,0.4425287356321839,16,11,15,0.5925925925925926,0.5161290322580645,0.5517241379310345,6,20,4,0.23076923076923078,0.6,0.33333333333333337
29.01.2004_47._Sitzung.txt,improved_spacy,0.4425287356321839,16,11,15,0.5925925925925926,0.5161290322580645,0.5517241379310345,6,20,4,0.23076923076923078,0.6,0.33333333333333337
29.01.2004_47._Sitzung.txt,bert,0.2580128205128205,5,12,26,0.29411764705882354,0.16129032258064516,0.20833333333333331,4,12,6,0.25,0.4,0.3076923076923077
29.01.2004_47._Sitzung.txt,distilbert,0.041666666666666664,2,15,29,0.11764705882352941,0.06451612903225806,0.08333333333333333,0,2,10,0.0,0.0,0.0
29.03.2012_151._Sitzung.txt,rule_based,0.1692307692307692,1,32,31,0.030303030303030304,0.03125,0.03076923076923077,2,4,5,0.3333333333333333,0.2857142857142857,0.30769230769230765
29.03.2012_151._Sitzung.txt,flair,0.0,0,27,32,0.0,0.0,0.0,0,9,7,0.0,0.0,0.0
29.03.2012_151._Sitzung.txt,spacy,0.0,0,31,32,0.0,0.0,0.0,0,18,7,0.0,0.0,0.0
29.03.2012_151._Sitzung.txt,improved_spacy,0.0,0,31,32,0.0,0.0,0.0,0,19,7,0.0,0.0,0.0
29.03.2012_151._Sitzung.txt,bert,0.0,0,18,32,0.0,0.0,0.0,0,7,7,0.0,0.0,0.0
29.03.2012_151._Sitzung.txt,distilbert,0.0,0,19,32,0.0,0.0,0.0,0,4,7,0.0,0.0,0.0
29.05.2009_25._Sitzung.txt,rule_based,0.7941176470588236,5,4,3,0.5555555555555556,0.625,0.5882352941176471,4,0,0,1.0,1.0,1.0
29.05.2009_25._Sitzung.txt,flair,0.17647058823529413,3,6,5,0.3333333333333333,0.375,0.35294117647058826,0,1,4,0.0,0.0,0.0
29.05.2009_25._Sitzung.txt,spacy,0.35526315789473684,2,9,6,0.18181818181818182,0.25,0.2105263157894737,2,2,2,0.5,0.5,0.5
29.05.2009_25._Sitzung.txt,improved_spacy,0.35526315789473684,2,9,6,0.18181818181818182,0.25,0.2105263157894737,2,2,2,0.5,0.5,0.5
29.05.2009_25._Sitzung.txt,bert,0.30952380952380953,3,7,5,0.3,0.375,0.33333333333333326,1,2,3,0.3333333333333333,0.25,0.28571428571428575
29.05.2009_25._Sitzung.txt,distilbert,0.30000000000000004,2,10,6,0.16666666666666666,0.25,0.2,1,0,3,1.0,0.25,0.4
29.06.2017_191._Sitzung.txt,rule_based,0.29444444444444445,2,19,22,0.09523809523809523,0.08333333333333333,0.08888888888888889,5,5,5,0.5,0.5,0.5
29.06.2017_191._Sitzung.txt,flair,0.09206349206349207,2,19,22,0.09523809523809523,0.08333333333333333,0.08888888888888889,1,10,9,0.09090909090909091,0.1,0.09523809523809525
29.06.2017_191._Sitzung.txt,spacy,0.11947626841243864,2,21,22,0.08695652173913043,0.08333333333333333,0.0851063829787234,2,14,8,0.125,0.2,0.15384615384615385
29.06.2017_191._Sitzung.txt,improved_spacy,0.14969604863221883,2,21,22,0.08695652173913043,0.08333333333333333,0.0851063829787234,3,15,7,0.16666666666666666,0.3,0.21428571428571427
29.06.2017_191._Sitzung.txt,bert,0.02702702702702703,1,12,23,0.07692307692307693,0.041666666666666664,0.05405405405405406,0,6,10,0.0,0.0,0.0
29.06.2017_191._Sitzung.txt,distilbert,0.14396284829721362,1,13,23,0.07142857142857142,0.041666666666666664,0.052631578947368425,2,5,8,0.2857142857142857,0.2,0.23529411764705882
29.10.2013_2._Sitzung.txt,rule_based,0.358974358974359,1,19,18,0.05,0.05263157894736842,0.05128205128205128,5,2,3,0.7142857142857143,0.625,0.6666666666666666
29.10.2013_2._Sitzung.txt,flair,0.02702702702702703,1,17,18,0.05555555555555555,0.05263157894736842,0.05405405405405406,0,2,8,0.0,0.0,0.0
29.10.2013_2._Sitzung.txt,spacy,0.12755102040816324,1,29,18,0.03333333333333333,0.05263157894736842,0.04081632653061225,3,17,5,0.15,0.375,0.21428571428571425
29.10.2013_2._Sitzung.txt,improved_spacy,0.12755102040816324,1,29,18,0.03333333333333333,0.05263157894736842,0.04081632653061225,3,17,5,0.15,0.375,0.21428571428571425
29.10.2013_2._Sitzung.txt,bert,0.04761904761904762,0,19,19,0.0,0.0,0.0,1,12,7,0.07692307692307693,0.125,0.09523809523809525
29.10.2013_2._Sitzung.txt,distilbert,0.02564102564102564,1,19,18,0.05,0.05263157894736842,0.05128205128205128,0,3,8,0.0,0.0,0.0
30.01.2019_62._Sitzung.txt,rule_based,0.6068376068376069,6,10,5,0.375,0.5454545454545454,0.4444444444444444,5,0,3,1.0,0.625,0.7692307692307693
30.01.2019_62._Sitzung.txt,flair,0.36363636363636365,8,3,3,0.7272727272727273,0.7272727272727273,0.7272727272727273,0,1,8,0.0,0.0,0.0
30.01.2019_62._Sitzung.txt,spacy,0.6638655462184875,9,1,2,0.9,0.8181818181818182,0.8571428571428572,4,5,4,0.4444444444444444,0.5,0.47058823529411764
30.01.2019_62._Sitzung.txt,improved_spacy,0.6638655462184875,9,1,2,0.9,0.8181818181818182,0.8571428571428572,4,5,4,0.4444444444444444,0.5,0.47058823529411764
30.01.2019_62._Sitzung.txt,bert,0.41666666666666663,7,3,4,0.7,0.6363636363636364,0.6666666666666666,1,3,7,0.25,0.125,0.16666666666666666
30.01.2019_62._Sitzung.txt,distilbert,0.3333333333333333,7,3,4,0.7,0.6363636363636364,0.6666666666666666,0,6,8,0.0,0.0,0.0
30.03.2007_19._Sitzung.txt,rule_based,0.808080808080808,16,9,3,0.64,0.8421052631578947,0.7272727272727272,8,1,1,0.8888888888888888,0.8888888888888888,0.8888888888888888
30.03.2007_19._Sitzung.txt,flair,0.26282051282051283,7,13,12,0.35,0.3684210526315789,0.358974358974359,1,2,8,0.3333333333333333,0.1111111111111111,0.16666666666666666
30.03.2007_19._Sitzung.txt,spacy,0.5155038759689923,15,9,4,0.625,0.7894736842105263,0.6976744186046512,5,16,4,0.23809523809523808,0.5555555555555556,0.33333333333333326
30.03.2007_19._Sitzung.txt,improved_spacy,0.5363372093023256,15,9,4,0.625,0.7894736842105263,0.6976744186046512,6,17,3,0.2608695652173913,0.6666666666666666,0.37500000000000006
30.03.2007_19._Sitzung.txt,bert,0.41711229946524064,6,8,13,0.42857142857142855,0.3157894736842105,0.36363636363636365,4,4,5,0.5,0.4444444444444444,0.47058823529411764
30.03.2007_19._Sitzung.txt,distilbert,0.21372549019607845,5,10,14,0.3333333333333333,0.2631578947368421,0.29411764705882354,1,5,8,0.16666666666666666,0.1111111111111111,0.13333333333333333
30.04.2014_24._Sitzung.txt,rule_based,0.8877551020408163,19,8,3,0.7037037037037037,0.8636363636363636,0.7755102040816326,5,0,0,1.0,1.0,1.0
30.04.2014_24._Sitzung.txt,flair,0.2826086956521739,13,11,9,0.5416666666666666,0.5909090909090909,0.5652173913043478,0,0,5,0.0,0.0,0.0
30.04.2014_24._Sitzung.txt,spacy,0.5280112044817927,16,13,6,0.5517241379310345,0.7272727272727273,0.6274509803921569,3,6,2,0.3333333333333333,0.6,0.42857142857142855
30.04.2014_24._Sitzung.txt,improved_spacy,0.5280112044817927,16,13,6,0.5517241379310345,0.7272727272727273,0.6274509803921569,3,6,2,0.3333333333333333,0.6,0.42857142857142855
30.04.2014_24._Sitzung.txt,bert,0.18604651162790697,8,13,14,0.38095238095238093,0.36363636363636365,0.37209302325581395,0,5,5,0.0,0.0,0.0
30.04.2014_24._Sitzung.txt,distilbert,0.18604651162790697,8,13,14,0.38095238095238093,0.36363636363636365,0.37209302325581395,0,2,5,0.0,0.0,0.0
30.09.2011_121._Sitzung.txt,rule_based,0.7615384615384615,18,17,7,0.5142857142857142,0.72,0.6,6,1,0,0.8571428571428571,1.0,0.923076923076923
30.09.2011_121._Sitzung.txt,flair,0.2549019607843137,13,13,12,0.5,0.52,0.5098039215686274,0,2,6,0.0,0.0,0.0
30.09.2011_121._Sitzung.txt,spacy,0.5618448637316562,18,10,7,0.6428571428571429,0.72,0.6792452830188679,4,8,2,0.3333333333333333,0.6666666666666666,0.4444444444444444
30.09.2011_121._Sitzung.txt,improved_spacy,0.5618448637316562,18,10,7,0.6428571428571429,0.72,0.6792452830188679,4,8,2,0.3333333333333333,0.6666666666666666,0.4444444444444444
30.09.2011_121._Sitzung.txt,bert,0.34615384615384615,7,7,18,0.5,0.28,0.358974358974359,2,4,4,0.3333333333333333,0.3333333333333333,0.3333333333333333
30.09.2011_121._Sitzung.txt,distilbert,0.24390243902439027,10,6,15,0.625,0.4,0.48780487804878053,0,4,6,0.0,0.0,0.0
31.01.2002_93._Sitzung.txt,rule_based,0.8852672750977835,25,6,3,0.8064516129032258,0.8928571428571429,0.8474576271186439,6,0,1,1.0,0.8571428571428571,0.923076923076923
31.01.2002_93._Sitzung.txt,flair,0.14285714285714285,8,20,20,0.2857142857142857,0.2857142857142857,0.2857142857142857,0,6,7,0.0,0.0,0.0
31.01.2002_93._Sitzung.txt,spacy,0.46482213438735176,16,11,12,0.5925925925925926,0.5714285714285714,0.5818181818181818,4,12,3,0.25,0.5714285714285714,0.34782608695652173
31.01.2002_93._Sitzung.txt,improved_spacy,0.46482213438735176,16,11,12,0.5925925925925926,0.5714285714285714,0.5818181818181818,4,12,3,0.25,0.5714285714285714,0.34782608695652173
31.01.2002_93._Sitzung.txt,bert,0.4736842105263158,8,21,20,0.27586206896551724,0.2857142857142857,0.28070175438596495,5,3,2,0.625,0.7142857142857143,0.6666666666666666
31.01.2002_93._Sitzung.txt,distilbert,0.3174114021571649,8,23,20,0.25806451612903225,0.2857142857142857,0.2711864406779661,2,2,5,0.5,0.2857142857142857,0.36363636363636365
31.01.2008_48._Sitzung.txt,rule_based,0.95,27,3,3,0.9,0.9,0.9,5,0,0,1.0,1.0,1.0
31.01.2008_48._Sitzung.txt,flair,0.1896551724137931,11,17,19,0.39285714285714285,0.36666666666666664,0.3793103448275862,0,7,5,0.0,0.0,0.0
31.01.2008_48._Sitzung.txt,spacy,0.3373015873015873,16,17,14,0.48484848484848486,0.5333333333333333,0.507936507936508,2,17,3,0.10526315789473684,0.4,0.16666666666666666
31.01.2008_48._Sitzung.txt,improved_spacy,0.373968253968254,16,17,14,0.48484848484848486,0.5333333333333333,0.507936507936508,3,17,2,0.15,0.6,0.24
31.01.2008_48._Sitzung.txt,bert,0.15838509316770188,4,12,26,0.25,0.13333333333333333,0.1739130434782609,1,8,4,0.1111111111111111,0.2,0.14285714285714285
31.01.2008_48._Sitzung.txt,distilbert,0.19806763285024157,4,12,26,0.25,0.13333333333333333,0.1739130434782609,1,3,4,0.25,0.2,0.22222222222222224
31.03.2005_100._Sitzung.txt,rule_based,0.695054945054945,13,0,2,1.0,0.8666666666666667,0.9285714285714286,3,3,4,0.5,0.42857142857142855,0.4615384615384615
31.03.2005_100._Sitzung.txt,flair,0.14285714285714288,4,9,11,0.3076923076923077,0.26666666666666666,0.28571428571428575,0,2,7,0.0,0.0,0.0
31.03.2005_100._Sitzung.txt,spacy,0.4798387096774193,11,5,4,0.6875,0.7333333333333333,0.7096774193548386,2,7,5,0.2222222222222222,0.2857142857142857,0.25
31.03.2005_100._Sitzung.txt,improved_spacy,0.5313092979127134,11,5,4,0.6875,0.7333333333333333,0.7096774193548386,3,7,4,0.3,0.42857142857142855,0.3529411764705882
31.03.2005_100._Sitzung.txt,bert,0.24475524475524474,4,7,11,0.36363636363636365,0.26666666666666666,0.30769230769230765,1,3,6,0.25,0.14285714285714285,0.18181818181818182
31.03.2005_100._Sitzung.txt,distilbert,0.14285714285714288,4,9,11,0.3076923076923077,0.26666666666666666,0.28571428571428575,0,3,7,0.0,0.0,0.0
"Plenarprotokoll_1007._Sitzung,_10.09.2021.txt",rule_based,0.39022510021584944,2,160,112,0.012345679012345678,0.017543859649122806,0.014492753623188404,54,4,29,0.9310344827586207,0.6506024096385542,0.7659574468085105
"Plenarprotokoll_1007._Sitzung,_10.09.2021.txt",flair,0.49267279090113736,69,33,45,0.6764705882352942,0.6052631578947368,0.6388888888888888,22,22,61,0.5,0.26506024096385544,0.3464566929133859
"Plenarprotokoll_1007._Sitzung,_10.09.2021.txt",spacy,0.4533450704225352,65,29,49,0.6914893617021277,0.5701754385964912,0.625,20,39,63,0.3389830508474576,0.24096385542168675,0.2816901408450704
"Plenarprotokoll_1007._Sitzung,_10.09.2021.txt",improved_spacy,0.6529255319148937,65,29,49,0.6914893617021277,0.5701754385964912,0.625,64,41,19,0.6095238095238096,0.7710843373493976,0.6808510638297873
"Plenarprotokoll_1007._Sitzung,_10.09.2021.txt",bert,0.4886282871357499,65,31,49,0.6770833333333334,0.5701754385964912,0.6190476190476192,24,27,59,0.47058823529411764,0.2891566265060241,0.35820895522388063
"Plenarprotokoll_1007._Sitzung,_10.09.2021.txt",distilbert,0.4445380416470113,62,33,52,0.6526315789473685,0.543859649122807,0.5933014354066986,21,38,62,0.3559322033898305,0.25301204819277107,0.29577464788732394
"Plenarprotokoll_779._Sitzung,_13.09.2002.txt",rule_based,0.31263913376431407,2,235,128,0.008438818565400843,0.015384615384615385,0.0108991825613079,47,12,47,0.7966101694915254,0.5,0.6143790849673202
"Plenarprotokoll_779._Sitzung,_13.09.2002.txt",flair,0.2367883211678832,30,90,100,0.25,0.23076923076923078,0.24000000000000002,16,27,78,0.37209302325581395,0.1702127659574468,0.2335766423357664
"Plenarprotokoll_779._Sitzung,_13.09.2002.txt",spacy,0.18637220576353353,20,85,110,0.19047619047619047,0.15384615384615385,0.1702127659574468,16,48,78,0.25,0.1702127659574468,0.20253164556962025
"Plenarprotokoll_779._Sitzung,_13.09.2002.txt",improved_spacy,0.361805412104937,20,85,110,0.19047619047619047,0.15384615384615385,0.1702127659574468,57,55,37,0.5089285714285714,0.6063829787234043,0.5533980582524272
"Plenarprotokoll_779._Sitzung,_13.09.2002.txt",bert,0.21008064516129032,21,89,109,0.19090909090909092,0.16153846153846155,0.17500000000000002,19,42,75,0.3114754098360656,0.20212765957446807,0.24516129032258066
"Plenarprotokoll_779._Sitzung,_13.09.2002.txt",distilbert,0.16625119846596356,21,94,109,0.1826086956521739,0.16153846153846155,0.17142857142857143,12,43,82,0.21818181818181817,0.1276595744680851,0.1610738255033557
"Plenarprotokoll_801._Sitzung,_01.07.2004.txt",rule_based,0.23158835039559877,1,220,172,0.004524886877828055,0.005780346820809248,0.005076142131979696,41,69,28,0.37272727272727274,0.5942028985507246,0.45810055865921784
"Plenarprotokoll_801._Sitzung,_01.07.2004.txt",flair,0.5063327247832039,97,43,76,0.6928571428571428,0.5606936416184971,0.6198083067092651,22,21,47,0.5116279069767442,0.3188405797101449,0.3928571428571428
"Plenarprotokoll_801._Sitzung,_01.07.2004.txt",spacy,0.515432447710571,92,40,81,0.696969696969697,0.5317919075144508,0.6032786885245902,31,45,38,0.40789473684210525,0.4492753623188406,0.4275862068965517
"Plenarprotokoll_801._Sitzung,_01.07.2004.txt",improved_spacy,0.6070285658191813,92,40,81,0.696969696969697,0.5317919075144508,0.6032786885245902,51,47,18,0.5204081632653061,0.7391304347826086,0.6107784431137724
"Plenarprotokoll_801._Sitzung,_01.07.2004.txt",bert,0.4596599842767295,94,51,79,0.6482758620689655,0.5433526011560693,0.591194968553459,21,38,48,0.3559322033898305,0.30434782608695654,0.32812500000000006
"Plenarprotokoll_801._Sitzung,_01.07.2004.txt",distilbert,0.44030954258675076,95,49,78,0.6597222222222222,0.5491329479768786,0.5993690851735015,18,41,51,0.3050847457627119,0.2608695652173913,0.28125
"Plenarprotokoll_815._Sitzung,_14.10.2005.txt",rule_based,0.34831694500806404,1,175,121,0.005681818181818182,0.00819672131147541,0.006711409395973155,89,29,51,0.7542372881355932,0.6357142857142857,0.6899224806201549
"Plenarprotokoll_815._Sitzung,_14.10.2005.txt",flair,0.5480874316939891,89,33,33,0.7295081967213115,0.7295081967213115,0.7295081967213115,44,56,96,0.44,0.3142857142857143,0.3666666666666667
"Plenarprotokoll_815._Sitzung,_14.10.2005.txt",spacy,0.47148868598650256,68,39,54,0.6355140186915887,0.5573770491803278,0.593886462882096,48,87,92,0.35555555555555557,0.34285714285714286,0.3490909090909091
"Plenarprotokoll_815._Sitzung,_14.10.2005.txt",improved_spacy,0.565825406667634,68,39,54,0.6355140186915887,0.5573770491803278,0.593886462882096,89,102,51,0.46596858638743455,0.6357142857142857,0.5377643504531722
"Plenarprotokoll_815._Sitzung,_14.10.2005.txt",bert,0.38226064484371153,65,52,57,0.5555555555555556,0.5327868852459017,0.5439330543933054,30,102,110,0.22727272727272727,0.21428571428571427,0.22058823529411764
"Plenarprotokoll_815._Sitzung,_14.10.2005.txt",distilbert,0.3784345198753659,66,50,56,0.5689655172413793,0.5409836065573771,0.5546218487394958,27,100,113,0.2125984251968504,0.19285714285714287,0.20224719101123595
"Plenarprotokoll_816._Sitzung,_04.11.2005.txt",rule_based,0.3588412740661876,4,186,118,0.021052631578947368,0.03278688524590164,0.025641025641025637,100,14,75,0.8771929824561403,0.5714285714285714,0.6920415224913495
"Plenarprotokoll_816._Sitzung,_04.11.2005.txt",flair,0.5275222997642927,75,34,47,0.6880733944954128,0.6147540983606558,0.6493506493506493,57,49,118,0.5377358490566038,0.32571428571428573,0.40569395017793597
"Plenarprotokoll_816._Sitzung,_04.11.2005.txt",spacy,0.5451564828614008,68,30,54,0.6938775510204082,0.5573770491803278,0.6181818181818182,72,58,103,0.5538461538461539,0.4114285714285714,0.47213114754098356
"Plenarprotokoll_816._Sitzung,_04.11.2005.txt",improved_spacy,0.639692001987084,68,30,54,0.6938775510204082,0.5573770491803278,0.6181818181818182,121,70,54,0.6335078534031413,0.6914285714285714,0.6612021857923497
"Plenarprotokoll_816._Sitzung,_04.11.2005.txt",bert,0.44659974678965453,65,41,57,0.6132075471698113,0.5327868852459017,0.5701754385964912,47,69,128,0.4051724137931034,0.26857142857142857,0.3230240549828179
"Plenarprotokoll_816._Sitzung,_04.11.2005.txt",distilbert,0.4051091703056769,63,44,59,0.5887850467289719,0.5163934426229508,0.5502183406113538,39,86,136,0.312,0.22285714285714286,0.26
"Plenarprotokoll_817._Sitzung,_25.11.2005.txt",rule_based,0.3347400504073618,7,164,104,0.04093567251461988,0.06306306306306306,0.04964539007092198,75,8,84,0.9036144578313253,0.4716981132075472,0.6198347107438017
"Plenarprotokoll_817._Sitzung,_25.11.2005.txt",flair,0.5342853886111609,73,33,38,0.6886792452830188,0.6576576576576577,0.6728110599078342,56,68,103,0.45161290322580644,0.3522012578616352,0.39575971731448756
"Plenarprotokoll_817._Sitzung,_25.11.2005.txt",spacy,0.5530072173215718,67,37,44,0.6442307692307693,0.6036036036036037,0.6232558139534884,77,83,82,0.48125,0.48427672955974843,0.48275862068965514
"Plenarprotokoll_817._Sitzung,_25.11.2005.txt",improved_spacy,0.6091485681337689,67,37,44,0.6442307692307693,0.6036036036036037,0.6232558139534884,108,96,51,0.5294117647058824,0.6792452830188679,0.5950413223140496
"Plenarprotokoll_817._Sitzung,_25.11.2005.txt",bert,0.5080050368771362,68,39,43,0.6355140186915887,0.6126126126126126,0.6238532110091742,60,87,99,0.40816326530612246,0.37735849056603776,0.3921568627450981
"Plenarprotokoll_817._Sitzung,_25.11.2005.txt",distilbert,0.4957161527663488,66,42,45,0.6111111111111112,0.5945945945945946,0.6027397260273972,55,69,104,0.4435483870967742,0.34591194968553457,0.38869257950530034
"Plenarprotokoll_862._Sitzung,_16.10.2009.txt",rule_based,0.33939393939393936,0,255,143,0.0,0.0,0.0,56,11,42,0.835820895522388,0.5714285714285714,0.6787878787878787
"Plenarprotokoll_862._Sitzung,_16.10.2009.txt",flair,0.256635581061693,42,102,101,0.2916666666666667,0.2937062937062937,0.2926829268292683,15,23,83,0.39473684210526316,0.15306122448979592,0.22058823529411767
"Plenarprotokoll_862._Sitzung,_16.10.2009.txt",spacy,0.2332239540607055,33,89,110,0.27049180327868855,0.23076923076923078,0.24905660377358493,20,66,78,0.23255813953488372,0.20408163265306123,0.21739130434782608
"Plenarprotokoll_862._Sitzung,_16.10.2009.txt",improved_spacy,0.3712243371290832,33,89,110,0.27049180327868855,0.23076923076923078,0.24905660377358493,56,73,42,0.43410852713178294,0.5714285714285714,0.49339207048458145
"Plenarprotokoll_862._Sitzung,_16.10.2009.txt",bert,0.23590671108995717,26,106,117,0.19696969696969696,0.18181818181818182,0.1890909090909091,27,66,71,0.2903225806451613,0.2755102040816326,0.28272251308900526
"Plenarprotokoll_862._Sitzung,_16.10.2009.txt",distilbert,0.20826593016374037,23,108,120,0.17557251908396945,0.16083916083916083,0.1678832116788321,23,64,75,0.26436781609195403,0.23469387755102042,0.24864864864864863
"Plenarprotokoll_870._Sitzung,_21.05.2010.txt",rule_based,0.34238095238095234,12,203,109,0.05581395348837209,0.09917355371900827,0.07142857142857142,46,10,48,0.8214285714285714,0.48936170212765956,0.6133333333333333
"Plenarprotokoll_870._Sitzung,_21.05.2010.txt",flair,0.454572940287226,66,58,55,0.532258064516129,0.5454545454545454,0.5387755102040817,30,38,64,0.4411764705882353,0.3191489361702128,0.37037037037037035
"Plenarprotokoll_870._Sitzung,_21.05.2010.txt",spacy,0.39457863318675246,54,46,67,0.54,0.4462809917355372,0.48868778280542985,32,87,62,0.2689075630252101,0.3404255319148936,0.3004694835680751
"Plenarprotokoll_870._Sitzung,_21.05.2010.txt",improved_spacy,0.5128263816750884,54,46,67,0.54,0.4462809917355372,0.48868778280542985,69,94,25,0.4233128834355828,0.7340425531914894,0.5369649805447471
"Plenarprotokoll_870._Sitzung,_21.05.2010.txt",bert,0.4290596888414951,52,46,69,0.5306122448979592,0.4297520661157025,0.4748858447488585,32,41,62,0.4383561643835616,0.3404255319148936,0.3832335329341317
"Plenarprotokoll_870._Sitzung,_21.05.2010.txt",distilbert,0.38386699184433426,53,49,68,0.5196078431372549,0.4380165289256198,0.47533632286995514,25,52,69,0.3246753246753247,0.26595744680851063,0.29239766081871343
"Plenarprotokoll_872._Sitzung,_02.07.2010.txt",rule_based,0.2040983606557377,1,130,112,0.007633587786259542,0.008849557522123894,0.00819672131147541,30,59,31,0.33707865168539325,0.4918032786885246,0.39999999999999997
"Plenarprotokoll_872._Sitzung,_02.07.2010.txt",flair,0.2545579817680729,23,76,90,0.23232323232323232,0.20353982300884957,0.21698113207547168,13,15,48,0.4642857142857143,0.21311475409836064,0.29213483146067415
"Plenarprotokoll_872._Sitzung,_02.07.2010.txt",spacy,0.2547495682210708,17,63,96,0.2125,0.1504424778761062,0.1761658031088083,22,49,39,0.30985915492957744,0.36065573770491804,0.3333333333333333
"Plenarprotokoll_872._Sitzung,_02.07.2010.txt",improved_spacy,0.3229822304134645,17,63,96,0.2125,0.1504424778761062,0.1761658031088083,35,53,26,0.3977272727272727,0.5737704918032787,0.4697986577181208
"Plenarprotokoll_872._Sitzung,_02.07.2010.txt",bert,0.2277227722772277,18,71,95,0.20224719101123595,0.1592920353982301,0.1782178217821782,14,26,47,0.35,0.22950819672131148,0.2772277227722772
"Plenarprotokoll_872._Sitzung,_02.07.2010.txt",distilbert,0.17564737242955064,18,71,95,0.20224719101123595,0.1592920353982301,0.1782178217821782,9,34,52,0.20930232558139536,0.14754098360655737,0.17307692307692307
"Plenarprotokoll_894._Sitzung,_23.03.2012.txt",rule_based,0.2306769722814499,2,146,118,0.013513513513513514,0.016666666666666666,0.014925373134328358,25,44,18,0.36231884057971014,0.5813953488372093,0.44642857142857145
"Plenarprotokoll_894._Sitzung,_23.03.2012.txt",flair,0.37515179113539765,35,61,85,0.3645833333333333,0.2916666666666667,0.32407407407407407,13,5,30,0.7222222222222222,0.3023255813953488,0.4262295081967213
"Plenarprotokoll_894._Sitzung,_23.03.2012.txt",spacy,0.4344665750915751,37,35,83,0.5138888888888888,0.30833333333333335,0.3854166666666667,22,26,21,0.4583333333333333,0.5116279069767442,0.4835164835164835
"Plenarprotokoll_894._Sitzung,_23.03.2012.txt",improved_spacy,0.5100160256410257,37,35,83,0.5138888888888888,0.30833333333333335,0.3854166666666667,33,28,10,0.5409836065573771,0.7674418604651163,0.6346153846153847
"Plenarprotokoll_894._Sitzung,_23.03.2012.txt",bert,0.23725055432372505,30,55,90,0.35294117647058826,0.25,0.2926829268292683,7,27,36,0.20588235294117646,0.16279069767441862,0.18181818181818182
"Plenarprotokoll_894._Sitzung,_23.03.2012.txt",distilbert,0.2588943623426382,30,53,90,0.3614457831325301,0.25,0.29556650246305416,8,21,35,0.27586206896551724,0.18604651162790697,0.2222222222222222
"Plenarprotokoll_913._Sitzung,_16.08.2013.txt",rule_based,0.42295597484276726,1,83,74,0.011904761904761904,0.013333333333333334,0.012578616352201257,30,0,12,1.0,0.7142857142857143,0.8333333333333333
"Plenarprotokoll_913._Sitzung,_16.08.2013.txt",flair,0.5486696950032447,51,12,24,0.8095238095238095,0.68,0.7391304347826089,12,13,30,0.48,0.2857142857142857,0.3582089552238806
"Plenarprotokoll_913._Sitzung,_16.08.2013.txt",spacy,0.5141402714932126,49,12,26,0.8032786885245902,0.6533333333333333,0.7205882352941175,12,24,30,0.3333333333333333,0.2857142857142857,0.30769230769230765
"Plenarprotokoll_913._Sitzung,_16.08.2013.txt",improved_spacy,0.6655572755417956,49,12,26,0.8032786885245902,0.6533333333333333,0.7205882352941175,29,24,13,0.5471698113207547,0.6904761904761905,0.6105263157894737
"Plenarprotokoll_913._Sitzung,_16.08.2013.txt",bert,0.46206572769953047,41,26,34,0.6119402985074627,0.5466666666666666,0.5774647887323943,13,20,29,0.3939393939393939,0.30952380952380953,0.3466666666666667
"Plenarprotokoll_913._Sitzung,_16.08.2013.txt",distilbert,0.4945162553858206,44,19,31,0.6984126984126984,0.5866666666666667,0.6376811594202899,13,19,29,0.40625,0.30952380952380953,0.3513513513513513
"Plenarprotokoll_915._Sitzung,_11.10.2013.txt",rule_based,0.3059660487579167,8,155,131,0.049079754601226995,0.05755395683453238,0.05298013245033113,64,11,90,0.8533333333333334,0.4155844155844156,0.5589519650655023
"Plenarprotokoll_915._Sitzung,_11.10.2013.txt",flair,0.5300989694929089,76,27,63,0.7378640776699029,0.5467625899280576,0.628099173553719,70,100,84,0.4117647058823529,0.45454545454545453,0.4320987654320988
"Plenarprotokoll_915._Sitzung,_11.10.2013.txt",spacy,0.49797197640117996,65,36,74,0.6435643564356436,0.4676258992805755,0.5416666666666667,77,108,77,0.41621621621621624,0.5,0.45427728613569324
"Plenarprotokoll_915._Sitzung,_11.10.2013.txt",improved_spacy,0.5511567834681043,65,36,74,0.6435643564356436,0.4676258992805755,0.5416666666666667,104,113,50,0.4792626728110599,0.6753246753246753,0.5606469002695418
"Plenarprotokoll_915._Sitzung,_11.10.2013.txt",bert,0.40710070700885154,54,60,85,0.47368421052631576,0.38848920863309355,0.42687747035573126,55,75,99,0.4230769230769231,0.35714285714285715,0.3873239436619718
"Plenarprotokoll_915._Sitzung,_11.10.2013.txt",distilbert,0.40778401122019636,58,51,81,0.5321100917431193,0.4172661870503597,0.467741935483871,52,93,102,0.3586206896551724,0.33766233766233766,0.3478260869565218
"Plenarprotokoll_955._Sitzung,_22.03.2017.txt",rule_based,0.1866666666666667,0,168,141,0.0,0.0,0.0,28,57,37,0.32941176470588235,0.4307692307692308,0.3733333333333334
"Plenarprotokoll_955._Sitzung,_22.03.2017.txt",flair,0.24635690852216374,23,93,118,0.19827586206896552,0.16312056737588654,0.17898832684824903,16,21,49,0.43243243243243246,0.24615384615384617,0.3137254901960784
"Plenarprotokoll_955._Sitzung,_22.03.2017.txt",spacy,0.21977201596462514,21,85,120,0.19811320754716982,0.14893617021276595,0.1700404858299595,19,57,46,0.25,0.2923076923076923,0.2695035460992908
"Plenarprotokoll_955._Sitzung,_22.03.2017.txt",improved_spacy,0.30241154726280584,21,85,120,0.19811320754716982,0.14893617021276595,0.1700404858299595,35,61,30,0.3645833333333333,0.5384615384615384,0.4347826086956521
"Plenarprotokoll_955._Sitzung,_22.03.2017.txt",bert,0.15079123554473525,14,93,127,0.1308411214953271,0.09929078014184398,0.11290322580645161,10,31,55,0.24390243902439024,0.15384615384615385,0.18867924528301888
"Plenarprotokoll_955._Sitzung,_22.03.2017.txt",distilbert,0.10955882352941176,12,102,129,0.10526315789473684,0.0851063829787234,0.09411764705882353,6,25,59,0.1935483870967742,0.09230769230769231,0.125
"Plenarprotokoll_961._Sitzung,_3.11.2017.txt",rule_based,0.3216545763235067,2,192,145,0.010309278350515464,0.013605442176870748,0.011730205278592375,102,25,94,0.8031496062992126,0.5204081632653061,0.631578947368421
"Plenarprotokoll_961._Sitzung,_3.11.2017.txt",flair,0.2942586015962118,41,113,106,0.2662337662337662,0.2789115646258503,0.27242524916943517,55,97,141,0.3618421052631579,0.28061224489795916,0.31609195402298845
"Plenarprotokoll_961._Sitzung,_3.11.2017.txt",spacy,0.315920236583263,34,88,113,0.2786885245901639,0.23129251700680273,0.2527881040892193,76,129,120,0.37073170731707317,0.3877551020408163,0.3790523690773067
"Plenarprotokoll_961._Sitzung,_3.11.2017.txt",improved_spacy,0.39148025894116134,34,88,113,0.2786885245901639,0.23129251700680273,0.2527881040892193,123,145,73,0.458955223880597,0.6275510204081632,0.5301724137931034
"Plenarprotokoll_961._Sitzung,_3.11.2017.txt",bert,0.2043103448275862,23,120,124,0.16083916083916083,0.1564625850340136,0.1586206896551724,45,119,151,0.27439024390243905,0.22959183673469388,0.25
"Plenarprotokoll_961._Sitzung,_3.11.2017.txt",distilbert,0.20132975503450504,23,114,124,0.1678832116788321,0.1564625850340136,0.16197183098591553,42,111,154,0.27450980392156865,0.21428571428571427,0.24068767908309455
"Plenarprotokoll_962._Sitzung,_24.11.2017.txt",rule_based,0.305194360799343,2,156,121,0.012658227848101266,0.016260162601626018,0.014234875444839859,62,13,71,0.8266666666666667,0.46616541353383456,0.5961538461538461
"Plenarprotokoll_962._Sitzung,_24.11.2017.txt",flair,0.5306990881458966,71,41,52,0.6339285714285714,0.5772357723577236,0.6042553191489362,56,56,77,0.5,0.42105263157894735,0.45714285714285713
"Plenarprotokoll_962._Sitzung,_24.11.2017.txt",spacy,0.48441025641025637,60,51,63,0.5405405405405406,0.4878048780487805,0.5128205128205128,57,60,76,0.48717948717948717,0.42857142857142855,0.45599999999999996
"Plenarprotokoll_962._Sitzung,_24.11.2017.txt",improved_spacy,0.5202991452991452,60,51,63,0.5405405405405406,0.4878048780487805,0.5128205128205128,76,79,57,0.49032258064516127,0.5714285714285714,0.5277777777777778
"Plenarprotokoll_962._Sitzung,_24.11.2017.txt",bert,0.3824642627826028,46,64,77,0.41818181818181815,0.37398373983739835,0.3948497854077253,47,74,86,0.3884297520661157,0.3533834586466165,0.37007874015748027
"Plenarprotokoll_962._Sitzung,_24.11.2017.txt",distilbert,0.3677490368739681,48,66,75,0.42105263157894735,0.3902439024390244,0.4050632911392405,38,59,95,0.3917525773195876,0.2857142857142857,0.33043478260869563
"Plenarprotokoll_987._Sitzung,_25.03.2020.txt",rule_based,0.3076923076923077,0,26,21,0.0,0.0,0.0,8,2,8,0.8,0.5,0.6153846153846154
"Plenarprotokoll_987._Sitzung,_25.03.2020.txt",flair,0.08695652173913043,0,22,21,0.0,0.0,0.0,2,5,14,0.2857142857142857,0.125,0.17391304347826086
"Plenarprotokoll_987._Sitzung,_25.03.2020.txt",spacy,0.06666666666666667,0,17,21,0.0,0.0,0.0,2,12,14,0.14285714285714285,0.125,0.13333333333333333
"Plenarprotokoll_987._Sitzung,_25.03.2020.txt",improved_spacy,0.19444444444444442,0,17,21,0.0,0.0,0.0,7,13,9,0.35,0.4375,0.38888888888888884
"Plenarprotokoll_987._Sitzung,_25.03.2020.txt",bert,0.13043478260869562,0,17,21,0.0,0.0,0.0,3,4,13,0.42857142857142855,0.1875,0.26086956521739124
"Plenarprotokoll_987._Sitzung,_25.03.2020.txt",distilbert,0.16666666666666666,0,17,21,0.0,0.0,0.0,5,9,11,0.35714285714285715,0.3125,0.3333333333333333
"Plenarprotokoll_988._Sitzung,_27.03.2020.txt",rule_based,0.3356011981172444,2,133,91,0.014814814814814815,0.021505376344086023,0.01754385964912281,67,17,54,0.7976190476190477,0.5537190082644629,0.653658536585366
"Plenarprotokoll_988._Sitzung,_27.03.2020.txt",flair,0.29782608695652174,37,55,56,0.40217391304347827,0.3978494623655914,0.4,18,45,103,0.2857142857142857,0.1487603305785124,0.1956521739130435
"Plenarprotokoll_988._Sitzung,_27.03.2020.txt",spacy,0.29064904218516036,34,54,59,0.38636363636363635,0.3655913978494624,0.37569060773480667,22,71,99,0.23655913978494625,0.18181818181818182,0.205607476635514
"Plenarprotokoll_988._Sitzung,_27.03.2020.txt",improved_spacy,0.4599041273968151,34,54,59,0.38636363636363635,0.3655913978494624,0.37569060773480667,74,77,47,0.4900662251655629,0.6115702479338843,0.5441176470588235
"Plenarprotokoll_988._Sitzung,_27.03.2020.txt",bert,0.2955875468164794,35,50,58,0.4117647058823529,0.3763440860215054,0.39325842696629215,19,52,102,0.2676056338028169,0.15702479338842976,0.19791666666666666
"Plenarprotokoll_988._Sitzung,_27.03.2020.txt",distilbert,0.257325746799431,33,59,60,0.358695652173913,0.3548387096774194,0.3567567567567568,15,54,106,0.21739130434782608,0.12396694214876033,0.15789473684210525
"Plenarprotokoll_991._Sitzung,_29.06.2020.txt",rule_based,0.418701229110151,6,164,93,0.03529411764705882,0.06060606060606061,0.04460966542750929,44,3,20,0.9361702127659575,0.6875,0.7927927927927927
"Plenarprotokoll_991._Sitzung,_29.06.2020.txt",flair,0.459919028340081,63,33,36,0.65625,0.6363636363636364,0.6461538461538462,13,18,51,0.41935483870967744,0.203125,0.2736842105263158
"Plenarprotokoll_991._Sitzung,_29.06.2020.txt",spacy,0.45281245804806014,62,30,37,0.6739130434782609,0.6262626262626263,0.6492146596858639,15,38,49,0.2830188679245283,0.234375,0.25641025641025644
"Plenarprotokoll_991._Sitzung,_29.06.2020.txt",improved_spacy,0.6600503678176155,62,30,37,0.6739130434782609,0.6262626262626263,0.6492146596858639,53,41,11,0.5638297872340425,0.828125,0.670886075949367
"Plenarprotokoll_991._Sitzung,_29.06.2020.txt",bert,0.45409857845091006,53,41,46,0.5638297872340425,0.5353535353535354,0.5492227979274611,21,32,43,0.39622641509433965,0.328125,0.35897435897435903
"Plenarprotokoll_991._Sitzung,_29.06.2020.txt",distilbert,0.45068027210884354,51,46,48,0.5257731958762887,0.5151515151515151,0.5204081632653061,20,21,44,0.4878048780487805,0.3125,0.38095238095238093
"Plenarprotokoll_996._Sitzung,_18.11.2020.txt",rule_based,0.32434640522875813,1,126,76,0.007874015748031496,0.012987012987012988,0.00980392156862745,46,4,48,0.92,0.48936170212765956,0.6388888888888888
"Plenarprotokoll_996._Sitzung,_18.11.2020.txt",flair,0.42882460005747675,29,37,48,0.4393939393939394,0.37662337662337664,0.40559440559440557,33,19,61,0.6346153846153846,0.35106382978723405,0.4520547945205479
"Plenarprotokoll_996._Sitzung,_18.11.2020.txt",spacy,0.4577977201067184,33,23,44,0.5892857142857143,0.42857142857142855,0.49624060150375937,39,53,55,0.42391304347826086,0.4148936170212766,0.41935483870967744
"Plenarprotokoll_996._Sitzung,_18.11.2020.txt",improved_spacy,0.581453634085213,33,23,44,0.5892857142857143,0.42857142857142855,0.49624060150375937,74,54,20,0.578125,0.7872340425531915,0.6666666666666667
"Plenarprotokoll_996._Sitzung,_18.11.2020.txt",bert,0.36376166242578456,24,30,53,0.4444444444444444,0.3116883116883117,0.366412213740458,26,24,68,0.52,0.2765957446808511,0.36111111111111105
"Plenarprotokoll_996._Sitzung,_18.11.2020.txt",distilbert,0.39162790697674416,23,29,54,0.4423076923076923,0.2987012987012987,0.35658914728682173,32,24,62,0.5714285714285714,0.3404255319148936,0.4266666666666666
"Plenarprotokoll_999._Sitzung,_18.01.2021.txt",rule_based,0.40012484394506864,2,103,71,0.01904761904761905,0.0273972602739726,0.02247191011235955,28,6,10,0.8235294117647058,0.7368421052631579,0.7777777777777778
"Plenarprotokoll_999._Sitzung,_18.01.2021.txt",flair,0.34010276486420354,28,33,45,0.45901639344262296,0.3835616438356164,0.41791044776119396,8,15,30,0.34782608695652173,0.21052631578947367,0.26229508196721313
"Plenarprotokoll_999._Sitzung,_18.01.2021.txt",spacy,0.31718749999999996,31,24,42,0.5636363636363636,0.4246575342465753,0.48437499999999994,6,36,32,0.14285714285714285,0.15789473684210525,0.15
"Plenarprotokoll_999._Sitzung,_18.01.2021.txt",improved_spacy,0.5063384433962264,31,24,42,0.5636363636363636,0.4246575342465753,0.48437499999999994,28,40,10,0.4117647058823529,0.7368421052631579,0.5283018867924528
"Plenarprotokoll_999._Sitzung,_18.01.2021.txt",bert,0.3532903225806452,24,28,49,0.46153846153846156,0.3287671232876712,0.384,10,14,28,0.4166666666666667,0.2631578947368421,0.3225806451612903
"Plenarprotokoll_999._Sitzung,_18.01.2021.txt",distilbert,0.3570991432068543,24,32,49,0.42857142857142855,0.3287671232876712,0.37209302325581395,13,25,25,0.34210526315789475,0.34210526315789475,0.34210526315789475
